neighbourhood_158,occ_year,total_collisions,fatalities,injury_collisions,pd_collisions,ftr_collisions,pedestrian_collisions,bicycle_collisions,motorcycle_collisions,automobile_collisions
Agincourt North (129),2020,310,0,46,245,25,7,5,0,309
Agincourt North (129),2021,289,0,52,203,47,8,6,1,289
Agincourt North (129),2022,432,1,53,348,49,10,4,5,428
Agincourt North (129),2023,481,0,69,336,91,13,8,0,477
Agincourt North (129),2024,490,0,66,329,102,9,5,2,488
Agincourt North (129),2025,492,1,78,313,104,14,4,2,491
Agincourt South-Malvern West (128),2020,473,2,56,372,53,13,3,1,471
Agincourt South-Malvern West (128),2021,460,0,89,332,51,18,2,2,459
Agincourt South-Malvern West (128),2022,602,0,92,483,51,12,5,0,599
Agincourt South-Malvern West (128),2023,670,0,103,428,158,14,11,4,664
Agincourt South-Malvern West (128),2024,711,0,103,484,132,12,4,1,706
Agincourt South-Malvern West (128),2025,760,0,120,486,159,11,6,2,754
Alderwood (20),2020,104,0,16,79,13,3,5,1,103
Alderwood (20),2021,86,0,12,61,15,2,1,0,86
Alderwood (20),2022,128,0,16,104,8,2,4,0,124
Alderwood (20),2023,180,2,27,117,35,5,3,3,180
Alderwood (20),2024,145,0,12,107,27,2,0,1,145
Alderwood (20),2025,136,0,22,82,32,2,4,1,134
Annex (95),2020,505,1,53,404,65,16,23,2,501
Annex (95),2021,529,1,62,408,85,18,24,5,524
Annex (95),2022,670,0,56,567,60,17,27,3,659
Annex (95),2023,847,0,98,607,158,28,44,3,826
Annex (95),2024,916,2,115,604,198,22,54,3,893
Annex (95),2025,829,0,123,554,154,26,60,5,805
Avondale (153),2020,90,0,13,71,9,3,1,1,87
Avondale (153),2021,72,0,9,58,10,2,1,0,72
Avondale (153),2022,121,0,4,109,9,3,1,1,119
Avondale (153),2023,134,0,14,97,24,3,0,0,134
Avondale (153),2024,138,0,24,86,28,7,0,0,137
Avondale (153),2025,119,0,13,84,24,3,1,0,118
Banbury-Don Mills (42),2020,459,1,48,376,44,6,3,2,456
Banbury-Don Mills (42),2021,467,1,59,351,75,9,4,3,465
Banbury-Don Mills (42),2022,726,1,75,608,72,5,3,4,726
Banbury-Don Mills (42),2023,990,1,113,710,188,16,6,6,985
Banbury-Don Mills (42),2024,1035,0,153,686,202,13,7,8,1029
Banbury-Don Mills (42),2025,969,0,148,618,210,10,5,5,965
Bathurst Manor (34),2020,272,0,41,211,30,6,8,1,270
Bathurst Manor (34),2021,228,0,29,185,25,6,1,1,228
Bathurst Manor (34),2022,384,1,47,315,24,9,2,0,381
Bathurst Manor (34),2023,594,0,93,430,74,9,6,3,589
Bathurst Manor (34),2024,584,0,143,345,96,14,4,3,580
Bathurst Manor (34),2025,505,1,99,336,69,10,10,2,502
Bay-Cloverhill (169),2020,142,0,18,112,16,4,4,3,138
Bay-Cloverhill (169),2021,156,1,18,120,20,5,9,2,153
Bay-Cloverhill (169),2022,171,1,17,145,16,7,12,1,166
Bay-Cloverhill (169),2023,250,0,45,164,46,9,22,2,242
Bay-Cloverhill (169),2024,213,0,34,136,45,8,13,1,208
Bay-Cloverhill (169),2025,203,0,27,141,35,3,13,1,199
Bayview Village (52),2020,286,1,27,236,31,3,3,1,286
Bayview Village (52),2021,239,0,23,185,38,5,1,0,236
Bayview Village (52),2022,355,0,31,306,28,2,5,1,353
Bayview Village (52),2023,520,0,45,356,127,7,2,2,518
Bayview Village (52),2024,504,0,75,322,109,13,4,4,503
Bayview Village (52),2025,517,0,65,334,118,8,3,1,517
Bayview Woods-Steeles (49),2020,113,0,11,94,9,2,0,0,112
Bayview Woods-Steeles (49),2021,90,0,16,69,11,3,1,0,90
Bayview Woods-Steeles (49),2022,167,0,17,143,12,7,0,0,167
Bayview Woods-Steeles (49),2023,188,1,20,146,24,1,1,1,185
Bayview Woods-Steeles (49),2024,204,0,28,139,37,3,0,0,203
Bayview Woods-Steeles (49),2025,196,0,25,137,35,7,0,0,194
Bedford Park-Nortown (39),2020,240,0,32,198,18,6,5,0,238
Bedford Park-Nortown (39),2021,242,0,27,202,25,10,3,0,241
Bedford Park-Nortown (39),2022,330,0,35,287,13,7,2,0,328
Bedford Park-Nortown (39),2023,448,0,53,339,58,8,3,3,444
Bedford Park-Nortown (39),2024,402,1,60,276,67,9,5,4,399
Bedford Park-Nortown (39),2025,416,0,71,280,65,11,9,0,412
Beechborough-Greenbrook (112),2020,156,0,15,115,33,1,2,1,152
Beechborough-Greenbrook (112),2021,153,0,20,116,27,4,2,3,152
Beechborough-Greenbrook (112),2022,145,1,24,109,13,6,2,2,143
Beechborough-Greenbrook (112),2023,194,0,33,125,37,6,2,0,193
Beechborough-Greenbrook (112),2024,233,0,49,139,45,5,2,2,230
Beechborough-Greenbrook (112),2025,207,1,39,128,40,6,2,0,205
Bendale-Glen Andrew (156),2020,398,0,38,298,74,4,2,2,397
Bendale-Glen Andrew (156),2021,397,0,50,292,71,7,2,1,395
Bendale-Glen Andrew (156),2022,602,1,68,474,115,12,3,5,594
Bendale-Glen Andrew (156),2023,845,1,105,557,218,12,10,4,840
Bendale-Glen Andrew (156),2024,975,1,130,621,228,20,9,2,968
Bendale-Glen Andrew (156),2025,843,0,126,502,218,23,1,3,839
Bendale South (157),2020,194,0,34,145,18,3,3,1,193
Bendale South (157),2021,187,0,25,148,18,3,3,0,187
Bendale South (157),2022,226,1,39,174,23,5,3,1,224
Bendale South (157),2023,107,0,16,61,34,3,2,1,107
Bendale South (157),2024,124,0,15,73,36,2,0,2,122
Bendale South (157),2025,143,0,24,85,34,5,0,0,143
Birchcliffe-Cliffside (122),2020,231,1,42,169,24,8,3,5,227
Birchcliffe-Cliffside (122),2021,229,2,33,172,28,10,3,2,228
Birchcliffe-Cliffside (122),2022,272,0,23,232,34,4,2,1,272
Birchcliffe-Cliffside (122),2023,355,0,45,240,87,11,3,2,351
Birchcliffe-Cliffside (122),2024,364,0,47,236,88,12,4,3,364
Birchcliffe-Cliffside (122),2025,387,0,40,264,88,5,4,3,385
Black Creek (24),2020,253,1,27,198,35,10,3,3,250
Black Creek (24),2021,186,0,26,142,27,4,4,1,183
Black Creek (24),2022,267,0,35,215,21,10,0,0,267
Black Creek (24),2023,390,0,62,247,83,13,4,1,390
Black Creek (24),2024,330,0,61,201,68,5,4,0,328
Black Creek (24),2025,356,0,61,217,78,15,2,0,351
Blake-Jones (69),2020,70,0,8,58,5,3,6,0,68
Blake-Jones (69),2021,69,0,12,47,12,4,6,1,69
Blake-Jones (69),2022,65,0,8,50,10,2,3,1,64
Blake-Jones (69),2023,56,0,8,33,16,3,4,0,55
Blake-Jones (69),2024,57,0,5,36,16,1,2,1,56
Blake-Jones (69),2025,54,0,9,26,21,4,4,0,53
Briar Hill-Belgravia (108),2020,131,0,13,100,21,6,1,1,128
Briar Hill-Belgravia (108),2021,130,0,28,88,22,10,5,1,130
Briar Hill-Belgravia (108),2022,151,1,12,122,18,8,1,1,147
Briar Hill-Belgravia (108),2023,224,2,39,140,43,11,7,2,221
Briar Hill-Belgravia (108),2024,243,0,48,160,35,7,5,3,240
Briar Hill-Belgravia (108),2025,262,0,39,161,62,11,4,0,260
Bridle Path-Sunnybrook-York Mills (41),2020,136,0,18,98,25,6,0,1,135
Bridle Path-Sunnybrook-York Mills (41),2021,151,0,23,111,23,6,4,0,151
Bridle Path-Sunnybrook-York Mills (41),2022,209,0,22,175,18,4,4,0,209
Bridle Path-Sunnybrook-York Mills (41),2023,247,0,26,179,45,6,3,0,246
Bridle Path-Sunnybrook-York Mills (41),2024,293,0,33,197,64,8,4,0,292
Bridle Path-Sunnybrook-York Mills (41),2025,243,0,26,162,58,1,2,1,242
Broadview North (57),2020,106,0,20,78,10,1,4,0,106
Broadview North (57),2021,120,1,17,90,16,1,1,3,120
Broadview North (57),2022,161,0,16,134,19,4,2,0,161
Broadview North (57),2023,181,0,20,127,41,4,2,1,178
Broadview North (57),2024,155,0,37,95,24,4,4,1,154
Broadview North (57),2025,147,0,34,92,21,1,4,0,147
Brookhaven-Amesbury (30),2020,235,0,27,181,35,10,2,1,229
Brookhaven-Amesbury (30),2021,235,0,23,184,48,5,3,1,234
Brookhaven-Amesbury (30),2022,303,0,22,264,19,8,2,2,301
Brookhaven-Amesbury (30),2023,327,0,49,214,64,8,3,1,326
Brookhaven-Amesbury (30),2024,297,0,48,187,62,7,6,2,295
Brookhaven-Amesbury (30),2025,304,0,50,193,61,13,1,4,299
Cabbagetown-South St.James Town (71),2020,170,0,29,128,15,11,8,0,166
Cabbagetown-South St.James Town (71),2021,175,0,17,137,27,4,7,3,171
Cabbagetown-South St.James Town (71),2022,251,0,36,202,26,13,11,2,246
Cabbagetown-South St.James Town (71),2023,329,0,43,227,70,17,9,1,322
Cabbagetown-South St.James Town (71),2024,272,0,35,173,68,14,12,1,266
Cabbagetown-South St.James Town (71),2025,323,0,48,223,53,5,19,4,317
Caledonia-Fairbank (109),2020,75,0,7,59,12,2,0,0,75
Caledonia-Fairbank (109),2021,74,0,7,58,17,2,1,0,74
Caledonia-Fairbank (109),2022,97,1,7,82,9,2,2,1,97
Caledonia-Fairbank (109),2023,88,0,15,56,17,3,4,0,86
Caledonia-Fairbank (109),2024,83,0,13,48,22,4,1,0,83
Caledonia-Fairbank (109),2025,95,0,11,62,23,1,0,1,94
Casa Loma (96),2020,230,0,19,191,26,10,4,2,229
Casa Loma (96),2021,199,0,15,174,23,1,3,3,197
Casa Loma (96),2022,309,0,13,280,22,4,9,1,306
Casa Loma (96),2023,336,0,34,259,46,1,8,3,333
Casa Loma (96),2024,370,0,38,269,66,4,13,0,366
Casa Loma (96),2025,365,0,46,274,45,4,12,0,357
Centennial Scarborough (133),2020,78,0,9,61,8,1,2,0,77
Centennial Scarborough (133),2021,55,0,9,41,6,1,0,0,54
Centennial Scarborough (133),2022,85,1,5,72,14,1,0,0,85
Centennial Scarborough (133),2023,77,0,10,56,13,1,1,0,77
Centennial Scarborough (133),2024,107,0,8,80,19,2,1,1,107
Centennial Scarborough (133),2025,99,0,15,69,15,3,1,0,99
Church-Wellesley (167),2020,186,0,17,145,29,10,5,2,184
Church-Wellesley (167),2021,188,0,26,138,32,8,11,2,185
Church-Wellesley (167),2022,224,1,20,190,24,6,14,2,217
Church-Wellesley (167),2023,204,0,21,143,43,7,19,1,200
Church-Wellesley (167),2024,218,0,29,138,53,12,16,3,214
Church-Wellesley (167),2025,223,0,46,133,46,12,13,2,216
Clairlea-Birchmount (120),2020,403,1,57,299,61,12,4,2,399
Clairlea-Birchmount (120),2021,388,0,63,291,46,11,4,0,387
Clairlea-Birchmount (120),2022,558,2,80,434,77,12,5,1,554
Clairlea-Birchmount (120),2023,562,0,82,378,123,15,7,4,558
Clairlea-Birchmount (120),2024,580,0,94,387,103,19,12,4,576
Clairlea-Birchmount (120),2025,610,2,72,402,137,14,4,2,605
Clanton Park (33),2020,207,1,23,158,36,6,5,1,203
Clanton Park (33),2021,183,0,14,144,36,5,1,1,183
Clanton Park (33),2022,278,0,21,242,24,6,2,0,277
Clanton Park (33),2023,318,0,30,221,68,10,0,2,316
Clanton Park (33),2024,365,0,60,226,80,9,4,1,362
Clanton Park (33),2025,380,2,60,232,87,7,2,0,378
Cliffcrest (123),2020,193,1,32,142,23,6,6,2,190
Cliffcrest (123),2021,153,1,24,105,29,5,5,0,152
Cliffcrest (123),2022,259,0,40,201,35,4,2,0,259
Cliffcrest (123),2023,279,1,43,182,63,11,3,5,275
Cliffcrest (123),2024,290,0,50,174,70,11,1,3,289
Cliffcrest (123),2025,273,0,42,169,64,8,3,0,273
Corso Italia-Davenport (92),2020,282,0,25,229,40,11,7,2,279
Corso Italia-Davenport (92),2021,248,0,24,192,49,13,6,0,247
Corso Italia-Davenport (92),2022,323,0,26,279,21,10,6,0,321
Corso Italia-Davenport (92),2023,378,0,43,263,73,6,6,2,372
Corso Italia-Davenport (92),2024,340,1,55,207,77,11,10,1,339
Corso Italia-Davenport (92),2025,351,0,41,224,86,12,9,1,349
Danforth (66),2020,130,0,18,95,23,4,6,1,129
Danforth (66),2021,149,0,25,114,16,3,11,1,148
Danforth (66),2022,146,0,16,118,23,1,5,0,146
Danforth (66),2023,244,0,30,181,35,7,8,3,242
Danforth (66),2024,265,1,30,160,75,10,14,3,260
Danforth (66),2025,260,0,48,150,65,7,19,1,258
Danforth East York (59),2020,111,0,14,84,15,5,4,3,109
Danforth East York (59),2021,139,0,21,101,20,6,5,0,138
Danforth East York (59),2022,133,0,9,116,16,3,2,0,133
Danforth East York (59),2023,164,0,17,119,36,9,1,0,164
Danforth East York (59),2024,162,0,23,105,35,7,4,0,161
Danforth East York (59),2025,164,0,20,105,39,6,1,1,164
Don Valley Village (47),2020,255,0,28,202,33,8,2,0,253
Don Valley Village (47),2021,234,1,24,184,31,4,4,1,234
Don Valley Village (47),2022,391,0,41,314,51,6,2,1,389
Don Valley Village (47),2023,531,0,48,362,136,7,4,0,529
Don Valley Village (47),2024,507,0,63,334,112,20,6,0,503
Don Valley Village (47),2025,511,0,64,313,137,12,6,2,506
Dorset Park (126),2020,686,1,80,541,77,11,3,1,683
Dorset Park (126),2021,609,1,84,457,84,14,3,3,607
Dorset Park (126),2022,859,0,112,687,102,16,6,5,856
Dorset Park (126),2023,1098,0,142,770,214,27,5,1,1092
Dorset Park (126),2024,1135,0,191,758,191,20,9,5,1131
Dorset Park (126),2025,1093,0,173,736,192,23,6,3,1089
Dovercourt Village (172),2020,257,0,29,199,38,7,19,2,253
Dovercourt Village (172),2021,241,0,34,182,41,4,16,2,238
Dovercourt Village (172),2022,290,0,31,245,17,6,8,1,285
Dovercourt Village (172),2023,343,0,44,244,58,5,19,1,337
Dovercourt Village (172),2024,361,1,58,213,89,11,26,6,355
Dovercourt Village (172),2025,346,0,47,216,84,10,23,2,336
Downsview (155),2020,270,1,35,210,35,11,3,1,269
Downsview (155),2021,290,0,40,220,53,10,1,2,289
Downsview (155),2022,395,1,36,342,21,8,5,1,393
Downsview (155),2023,467,0,72,298,99,15,8,0,466
Downsview (155),2024,450,0,94,257,101,18,10,3,443
Downsview (155),2025,454,0,64,293,97,12,4,2,443
Downtown Yonge East (168),2020,314,0,53,237,36,15,18,2,308
Downtown Yonge East (168),2021,308,1,37,238,46,11,20,2,304
Downtown Yonge East (168),2022,451,1,45,367,53,21,30,3,442
Downtown Yonge East (168),2023,561,1,70,367,133,22,42,9,540
Downtown Yonge East (168),2024,539,0,79,349,117,25,38,5,523
Downtown Yonge East (168),2025,493,1,61,313,119,26,36,9,475
Dufferin Grove (83),2020,191,1,20,146,32,6,5,2,190
Dufferin Grove (83),2021,167,0,16,135,27,5,6,0,165
Dufferin Grove (83),2022,227,0,29,186,14,14,5,5,218
Dufferin Grove (83),2023,336,0,44,238,55,11,15,0,333
Dufferin Grove (83),2024,361,0,54,205,104,14,18,6,351
Dufferin Grove (83),2025,262,0,35,162,65,9,15,3,257
East End-Danforth (62),2020,312,0,39,243,41,12,12,3,309
East End-Danforth (62),2021,290,1,37,216,48,8,8,1,289
East End-Danforth (62),2022,329,0,34,262,56,6,9,5,325
East End-Danforth (62),2023,424,0,52,288,90,11,16,4,424
East End-Danforth (62),2024,456,1,73,300,85,19,14,2,451
East End-Danforth (62),2025,485,0,65,321,100,21,13,3,477
East L'Amoreaux (148),2020,178,0,37,136,12,10,2,1,176
East L'Amoreaux (148),2021,150,0,23,112,20,5,3,0,150
East L'Amoreaux (148),2022,206,0,31,163,21,7,3,1,204
East L'Amoreaux (148),2023,248,1,33,176,44,7,3,2,248
East L'Amoreaux (148),2024,295,0,52,199,50,9,4,0,292
East L'Amoreaux (148),2025,303,0,67,188,50,8,8,0,301
East Willowdale (152),2020,127,0,17,106,7,2,1,0,127
East Willowdale (152),2021,106,1,22,71,20,4,2,2,105
East Willowdale (152),2022,200,0,25,167,11,2,4,0,200
East Willowdale (152),2023,198,0,30,135,35,8,4,0,196
East Willowdale (152),2024,197,0,43,125,29,3,3,1,196
East Willowdale (152),2025,205,0,34,138,33,7,4,0,205
Edenbridge-Humber Valley (9),2020,101,0,11,83,9,1,3,0,99
Edenbridge-Humber Valley (9),2021,112,0,19,87,10,3,3,0,112
Edenbridge-Humber Valley (9),2022,149,0,12,128,9,1,3,2,148
Edenbridge-Humber Valley (9),2023,154,0,23,107,24,4,5,1,153
Edenbridge-Humber Valley (9),2024,153,0,26,102,25,3,4,0,152
Edenbridge-Humber Valley (9),2025,174,0,25,117,32,2,0,0,174
Eglinton East (138),2020,215,0,39,149,37,9,6,3,213
Eglinton East (138),2021,217,2,33,152,42,8,3,0,217
Eglinton East (138),2022,298,0,45,226,51,11,3,1,294
Eglinton East (138),2023,373,0,53,245,90,10,2,1,370
Eglinton East (138),2024,370,1,65,224,86,18,3,3,367
Eglinton East (138),2025,377,2,59,225,94,15,6,1,370
Elms-Old Rexdale (5),2020,155,0,22,112,31,4,2,2,154
Elms-Old Rexdale (5),2021,141,0,23,102,26,1,1,0,141
Elms-Old Rexdale (5),2022,187,0,26,150,15,3,0,1,185
Elms-Old Rexdale (5),2023,242,0,32,169,41,5,2,2,242
Elms-Old Rexdale (5),2024,281,1,34,181,65,6,4,1,276
Elms-Old Rexdale (5),2025,226,0,42,133,52,6,1,2,223
Englemount-Lawrence (32),2020,116,1,18,86,16,4,5,0,115
Englemount-Lawrence (32),2021,112,0,9,86,25,2,1,0,111
Englemount-Lawrence (32),2022,177,0,14,152,18,6,2,0,177
Englemount-Lawrence (32),2023,219,1,22,144,59,8,1,0,217
Englemount-Lawrence (32),2024,203,2,25,125,51,6,1,1,200
Englemount-Lawrence (32),2025,195,0,32,118,45,7,0,0,192
Eringate-Centennial-West Deane (11),2020,86,0,15,61,20,1,8,1,82
Eringate-Centennial-West Deane (11),2021,85,1,14,66,6,2,5,0,84
Eringate-Centennial-West Deane (11),2022,142,0,18,115,13,5,1,1,140
Eringate-Centennial-West Deane (11),2023,134,0,30,79,26,5,4,1,132
Eringate-Centennial-West Deane (11),2024,157,0,24,104,29,2,3,0,157
Eringate-Centennial-West Deane (11),2025,168,3,34,99,34,5,2,3,164
Etobicoke City Centre (159),2020,566,0,66,441,80,7,4,1,563
Etobicoke City Centre (159),2021,542,1,72,424,79,11,0,5,537
Etobicoke City Centre (159),2022,764,2,72,655,39,18,7,5,759
Etobicoke City Centre (159),2023,919,0,118,618,187,17,5,4,914
Etobicoke City Centre (159),2024,923,1,144,558,221,18,3,5,914
Etobicoke City Centre (159),2025,837,1,108,524,205,15,3,7,832
Etobicoke West Mall (13),2020,70,0,10,52,11,5,0,0,70
Etobicoke West Mall (13),2021,70,0,9,51,15,0,3,0,70
Etobicoke West Mall (13),2022,98,0,11,81,6,2,3,0,95
Etobicoke West Mall (13),2023,106,1,22,66,17,6,1,0,102
Etobicoke West Mall (13),2024,138,0,36,86,16,1,5,0,138
Etobicoke West Mall (13),2025,131,0,23,89,19,5,1,0,126
Fenside-Parkwoods (150),2020,154,0,13,127,20,1,1,1,153
Fenside-Parkwoods (150),2021,146,0,17,113,19,0,0,1,145
Fenside-Parkwoods (150),2022,238,0,22,200,22,4,1,2,236
Fenside-Parkwoods (150),2023,327,0,41,231,60,4,1,1,326
Fenside-Parkwoods (150),2024,347,1,55,229,64,7,2,1,346
Fenside-Parkwoods (150),2025,339,0,51,214,76,6,2,1,337
Flemingdon Park (44),2020,219,0,36,165,21,7,2,1,218
Flemingdon Park (44),2021,219,0,27,173,27,8,0,0,218
Flemingdon Park (44),2022,322,0,44,256,35,7,4,0,322
Flemingdon Park (44),2023,209,0,24,144,46,6,2,1,209
Flemingdon Park (44),2024,253,0,43,167,46,6,0,1,253
Flemingdon Park (44),2025,277,1,41,178,60,8,0,0,277
Forest Hill North (102),2020,215,0,13,179,26,2,0,1,215
Forest Hill North (102),2021,205,0,17,171,29,3,0,0,204
Forest Hill North (102),2022,283,0,25,243,19,3,3,2,282
Forest Hill North (102),2023,430,0,55,337,40,6,3,2,428
Forest Hill North (102),2024,447,0,74,316,57,8,8,4,440
Forest Hill North (102),2025,440,0,70,303,67,11,3,0,436
Forest Hill South (101),2020,158,0,17,130,15,4,0,2,158
Forest Hill South (101),2021,141,0,6,120,22,1,3,0,141
Forest Hill South (101),2022,187,0,18,162,10,5,2,0,186
Forest Hill South (101),2023,180,1,23,127,29,3,4,0,179
Forest Hill South (101),2024,214,0,22,151,41,6,3,1,213
Forest Hill South (101),2025,197,0,26,134,37,3,1,0,197
Fort York-Liberty Village (163),2020,181,0,36,122,39,10,10,4,171
Fort York-Liberty Village (163),2021,219,0,26,166,39,8,5,1,217
Fort York-Liberty Village (163),2022,331,0,41,264,32,10,14,5,320
Fort York-Liberty Village (163),2023,367,0,49,254,66,7,15,5,359
Fort York-Liberty Village (163),2024,399,1,61,252,85,10,9,4,394
Fort York-Liberty Village (163),2025,394,0,59,250,86,10,12,2,386
Glenfield-Jane Heights (25),2020,343,0,47,250,64,13,2,2,338
Glenfield-Jane Heights (25),2021,356,0,47,270,72,8,5,2,356
Glenfield-Jane Heights (25),2022,403,0,38,333,34,5,5,0,400
Glenfield-Jane Heights (25),2023,421,0,55,259,108,12,4,1,419
Glenfield-Jane Heights (25),2024,405,1,90,189,126,18,5,2,397
Glenfield-Jane Heights (25),2025,372,0,66,206,100,6,6,3,369
Golfdale-Cedarbrae-Woburn (141),2020,372,0,45,296,42,5,8,2,371
Golfdale-Cedarbrae-Woburn (141),2021,362,0,62,262,52,12,6,0,361
Golfdale-Cedarbrae-Woburn (141),2022,475,2,62,365,81,9,1,1,475
Golfdale-Cedarbrae-Woburn (141),2023,443,1,53,291,120,9,2,5,443
Golfdale-Cedarbrae-Woburn (141),2024,459,0,73,277,116,18,6,1,454
Golfdale-Cedarbrae-Woburn (141),2025,465,0,73,281,111,19,3,0,460
Greenwood-Coxwell (65),2020,164,0,17,130,23,1,4,1,163
Greenwood-Coxwell (65),2021,155,0,24,113,22,2,9,2,153
Greenwood-Coxwell (65),2022,166,0,22,129,30,6,6,2,164
Greenwood-Coxwell (65),2023,188,0,30,133,32,3,7,0,187
Greenwood-Coxwell (65),2024,185,0,19,118,51,3,4,4,183
Greenwood-Coxwell (65),2025,185,0,23,110,53,3,5,2,183
Guildwood (140),2020,59,0,8,46,7,1,0,1,58
Guildwood (140),2021,57,0,9,41,8,1,0,0,57
Guildwood (140),2022,72,1,8,60,7,2,1,0,72
Guildwood (140),2023,91,0,18,54,20,1,0,1,90
Guildwood (140),2024,100,0,14,64,25,1,1,0,100
Guildwood (140),2025,104,0,17,72,16,3,1,0,104
Harbourfront-CityPlace (165),2020,401,0,43,327,49,10,10,3,397
Harbourfront-CityPlace (165),2021,468,1,44,376,64,12,4,3,463
Harbourfront-CityPlace (165),2022,652,0,59,546,57,14,16,3,636
Harbourfront-CityPlace (165),2023,668,0,76,476,126,18,14,2,661
Harbourfront-CityPlace (165),2024,741,0,94,515,141,16,6,8,736
Harbourfront-CityPlace (165),2025,629,0,75,452,103,16,11,5,621
Henry Farm (53),2020,94,0,4,75,20,2,0,0,92
Henry Farm (53),2021,77,0,11,56,11,5,0,1,77
Henry Farm (53),2022,129,0,8,108,19,3,2,0,129
Henry Farm (53),2023,147,0,11,94,45,2,2,2,144
Henry Farm (53),2024,180,1,20,116,45,6,4,1,178
Henry Farm (53),2025,159,0,20,89,52,9,1,0,158
High Park-Swansea (87),2020,247,0,39,183,33,12,13,2,242
High Park-Swansea (87),2021,267,2,30,207,46,3,10,2,267
High Park-Swansea (87),2022,324,0,30,276,23,5,12,2,316
High Park-Swansea (87),2023,368,0,44,258,70,6,6,1,366
High Park-Swansea (87),2024,364,1,63,221,80,10,17,3,357
High Park-Swansea (87),2025,319,0,33,198,88,2,9,4,314
High Park North (88),2020,236,0,29,188,30,9,15,1,232
High Park North (88),2021,216,1,34,166,26,8,14,3,215
High Park North (88),2022,268,0,24,234,13,9,12,2,260
High Park North (88),2023,306,0,49,204,54,9,14,1,297
High Park North (88),2024,271,0,54,162,55,16,13,1,267
High Park North (88),2025,273,0,47,155,71,8,18,1,265
Highland Creek (134),2020,85,0,20,60,6,1,1,0,84
Highland Creek (134),2021,119,0,21,86,16,2,1,1,117
Highland Creek (134),2022,184,0,26,144,20,4,3,0,183
Highland Creek (134),2023,236,0,40,155,49,5,3,0,236
Highland Creek (134),2024,252,0,43,157,54,4,4,1,250
Highland Creek (134),2025,219,0,37,140,44,5,3,1,219
Hillcrest Village (48),2020,197,0,30,149,23,6,2,0,194
Hillcrest Village (48),2021,196,0,33,142,27,5,4,0,195
Hillcrest Village (48),2022,269,0,31,219,26,6,1,2,268
Hillcrest Village (48),2023,357,0,35,252,78,5,3,1,355
Hillcrest Village (48),2024,348,0,53,229,66,8,0,2,343
Hillcrest Village (48),2025,388,0,61,254,73,15,4,0,381
Humber Bay Shores (161),2020,210,0,22,174,24,3,5,1,207
Humber Bay Shores (161),2021,260,0,34,200,45,8,4,0,258
Humber Bay Shores (161),2022,302,3,35,251,19,7,2,0,300
Humber Bay Shores (161),2023,295,0,39,210,47,2,1,0,294
Humber Bay Shores (161),2024,275,0,58,166,51,8,3,2,273
Humber Bay Shores (161),2025,280,0,39,185,57,3,5,0,276
Humber Heights-Westmount (8),2020,150,0,20,114,22,4,2,0,148
Humber Heights-Westmount (8),2021,155,0,27,121,20,4,3,3,153
Humber Heights-Westmount (8),2022,215,0,28,177,11,4,7,1,211
Humber Heights-Westmount (8),2023,225,1,38,155,31,5,3,0,224
Humber Heights-Westmount (8),2024,214,0,54,126,34,8,5,0,210
Humber Heights-Westmount (8),2025,219,0,51,131,37,6,2,1,217
Humber Summit (21),2020,431,0,40,341,63,12,2,5,426
Humber Summit (21),2021,479,0,35,403,62,8,1,1,479
Humber Summit (21),2022,529,0,44,456,34,7,1,2,526
Humber Summit (21),2023,571,0,71,404,96,10,3,2,567
Humber Summit (21),2024,598,0,113,369,117,12,4,0,595
Humber Summit (21),2025,674,1,128,407,139,14,8,2,665
Humbermede (22),2020,130,0,9,101,24,0,1,2,128
Humbermede (22),2021,142,2,15,109,26,1,1,4,142
Humbermede (22),2022,218,0,21,183,14,5,0,1,217
Humbermede (22),2023,226,0,38,146,42,4,2,0,226
Humbermede (22),2024,233,0,51,122,60,4,4,2,231
Humbermede (22),2025,231,0,40,139,53,3,2,0,231
Humewood-Cedarvale (106),2020,77,0,7,60,10,1,3,0,76
Humewood-Cedarvale (106),2021,72,0,5,56,17,3,1,1,71
Humewood-Cedarvale (106),2022,84,0,7,69,10,1,0,0,84
Humewood-Cedarvale (106),2023,65,0,5,43,17,1,3,1,63
Humewood-Cedarvale (106),2024,62,0,4,32,26,2,0,0,61
Humewood-Cedarvale (106),2025,70,0,12,43,15,5,1,0,69
Ionview (125),2020,168,0,31,127,15,8,1,1,167
Ionview (125),2021,155,0,14,128,16,1,0,0,154
Ionview (125),2022,200,0,25,165,17,1,3,0,198
Ionview (125),2023,246,0,34,175,48,2,5,2,244
Ionview (125),2024,266,0,43,176,53,4,5,2,261
Ionview (125),2025,244,0,38,157,49,10,2,0,243
Islington (158),2020,239,1,34,186,30,8,6,1,238
Islington (158),2021,195,2,25,151,26,3,2,0,195
Islington (158),2022,307,1,32,252,23,13,3,1,303
Islington (158),2023,315,1,44,228,44,7,5,2,310
Islington (158),2024,404,1,76,253,75,11,8,1,399
Islington (158),2025,353,0,53,232,68,7,6,1,348
Junction-Wallace Emerson (171),2020,257,0,23,208,36,6,14,2,254
Junction-Wallace Emerson (171),2021,234,0,35,170,43,13,15,1,231
Junction-Wallace Emerson (171),2022,289,1,25,245,19,6,18,0,284
Junction-Wallace Emerson (171),2023,344,0,47,226,71,8,19,1,341
Junction-Wallace Emerson (171),2024,328,0,52,194,84,10,19,2,322
Junction-Wallace Emerson (171),2025,317,1,41,193,83,10,14,4,309
Junction Area (90),2020,463,0,36,390,55,10,12,4,460
Junction Area (90),2021,472,0,33,401,61,6,6,6,468
Junction Area (90),2022,504,0,38,443,24,5,18,2,498
Junction Area (90),2023,671,1,84,461,126,17,17,8,666
Junction Area (90),2024,655,1,88,418,150,14,20,4,648
Junction Area (90),2025,575,0,75,367,134,13,14,4,564
Keelesdale-Eglinton West (110),2020,164,0,17,126,28,8,2,0,162
Keelesdale-Eglinton West (110),2021,154,0,13,121,30,3,4,0,154
Keelesdale-Eglinton West (110),2022,195,0,22,160,14,4,4,1,192
Keelesdale-Eglinton West (110),2023,241,0,31,163,49,11,4,1,239
Keelesdale-Eglinton West (110),2024,209,1,39,126,44,7,6,0,206
Keelesdale-Eglinton West (110),2025,182,0,28,113,41,3,3,0,182
Kennedy Park (124),2020,155,0,34,100,27,10,4,2,152
Kennedy Park (124),2021,138,0,19,98,26,2,2,0,138
Kennedy Park (124),2022,218,1,38,161,25,10,2,2,218
Kennedy Park (124),2023,262,0,44,172,61,8,4,2,259
Kennedy Park (124),2024,266,1,41,176,52,10,4,3,263
Kennedy Park (124),2025,283,0,47,176,61,11,2,0,281
Kensington-Chinatown (78),2020,382,1,34,302,61,11,19,4,374
Kensington-Chinatown (78),2021,391,1,55,294,64,18,31,4,385
Kensington-Chinatown (78),2022,543,0,53,454,56,22,26,3,533
Kensington-Chinatown (78),2023,582,0,69,368,154,23,37,5,569
Kensington-Chinatown (78),2024,639,0,59,399,184,27,32,4,621
Kensington-Chinatown (78),2025,543,0,77,323,145,27,40,2,525
Kingsview Village-The Westway (6),2020,196,0,31,147,24,5,0,2,194
Kingsview Village-The Westway (6),2021,200,0,35,148,27,3,1,1,199
Kingsview Village-The Westway (6),2022,289,0,45,231,13,6,1,1,289
Kingsview Village-The Westway (6),2023,312,1,62,193,56,14,5,1,309
Kingsview Village-The Westway (6),2024,309,0,56,190,63,9,0,2,307
Kingsview Village-The Westway (6),2025,332,1,58,214,61,7,3,1,330
Kingsway South (15),2020,82,1,20,56,6,6,1,2,81
Kingsway South (15),2021,105,0,12,80,19,3,5,1,104
Kingsway South (15),2022,145,0,14,126,5,2,2,1,143
Kingsway South (15),2023,165,1,20,118,28,2,3,1,160
Kingsway South (15),2024,152,0,27,104,22,2,5,2,152
Kingsway South (15),2025,142,0,28,87,27,4,5,0,140
L'Amoreaux West (147),2020,209,1,36,151,23,12,4,1,205
L'Amoreaux West (147),2021,158,2,26,111,25,13,3,0,157
L'Amoreaux West (147),2022,259,0,34,209,29,6,1,0,257
L'Amoreaux West (147),2023,312,0,53,204,66,15,4,1,309
L'Amoreaux West (147),2024,306,0,51,189,67,18,3,0,304
L'Amoreaux West (147),2025,338,0,55,206,78,15,5,1,334
Lambton Baby Point (114),2020,13,1,2,8,3,2,1,0,13
Lambton Baby Point (114),2021,12,0,3,8,3,3,0,0,12
Lambton Baby Point (114),2022,24,0,5,19,1,2,0,0,24
Lambton Baby Point (114),2023,22,0,2,19,2,2,0,0,22
Lambton Baby Point (114),2024,30,0,7,14,9,2,1,0,30
Lambton Baby Point (114),2025,18,0,2,9,7,1,1,0,18
Lansing-Westgate (38),2020,144,0,19,114,14,6,1,1,143
Lansing-Westgate (38),2021,160,0,16,129,35,5,3,0,158
Lansing-Westgate (38),2022,192,0,25,156,17,6,2,0,189
Lansing-Westgate (38),2023,230,0,29,166,43,4,2,2,227
Lansing-Westgate (38),2024,271,0,41,178,54,11,1,2,270
Lansing-Westgate (38),2025,258,0,36,159,64,5,2,0,257
Lawrence Park North (105),2020,210,0,9,185,20,3,2,0,210
Lawrence Park North (105),2021,189,0,14,157,24,6,3,0,186
Lawrence Park North (105),2022,275,0,18,247,16,5,1,4,272
Lawrence Park North (105),2023,303,0,31,223,55,4,3,3,303
Lawrence Park North (105),2024,329,0,42,214,74,10,2,2,329
Lawrence Park North (105),2025,285,0,29,198,58,8,5,0,281
Lawrence Park South (103),2020,140,0,19,107,18,2,2,1,139
Lawrence Park South (103),2021,142,0,11,122,20,4,1,0,142
Lawrence Park South (103),2022,178,0,22,147,14,8,1,0,178
Lawrence Park South (103),2023,209,0,26,140,46,6,4,1,206
Lawrence Park South (103),2024,164,0,25,108,33,4,1,1,164
Lawrence Park South (103),2025,205,0,30,129,47,6,3,0,204
Leaside-Bennington (56),2020,233,0,29,189,21,5,0,0,233
Leaside-Bennington (56),2021,215,0,14,178,28,5,3,0,215
Leaside-Bennington (56),2022,344,0,23,307,28,3,2,0,343
Leaside-Bennington (56),2023,452,0,51,329,82,11,6,5,450
Leaside-Bennington (56),2024,453,0,70,315,72,8,6,3,451
Leaside-Bennington (56),2025,464,0,53,339,75,7,3,0,461
Little Portugal (84),2020,160,1,16,130,22,7,6,1,158
Little Portugal (84),2021,163,0,16,122,34,4,7,2,158
Little Portugal (84),2022,166,0,15,142,11,8,11,0,160
Little Portugal (84),2023,213,1,25,137,52,5,18,1,209
Little Portugal (84),2024,207,0,23,126,59,8,7,1,204
Little Portugal (84),2025,199,0,23,117,59,5,12,0,194
Long Branch (19),2020,110,0,14,84,16,4,4,0,110
Long Branch (19),2021,92,1,14,70,17,2,4,1,92
Long Branch (19),2022,138,0,20,108,11,5,3,4,135
Long Branch (19),2023,138,0,14,91,33,2,3,0,137
Long Branch (19),2024,158,0,35,89,34,10,6,1,155
Long Branch (19),2025,133,0,24,77,32,6,7,2,128
Malvern East (146),2020,304,0,44,233,38,6,0,0,304
Malvern East (146),2021,303,0,60,211,40,11,5,1,303
Malvern East (146),2022,369,0,60,284,45,9,1,0,367
Malvern East (146),2023,315,0,34,211,85,8,4,3,308
Malvern East (146),2024,333,1,50,194,93,6,6,0,331
Malvern East (146),2025,361,1,56,220,85,8,5,0,359
Malvern West (145),2020,251,2,39,171,41,4,2,2,249
Malvern West (145),2021,223,0,42,154,32,7,1,1,221
Malvern West (145),2022,277,0,40,222,23,9,1,0,277
Malvern West (145),2023,314,1,46,204,69,9,2,0,311
Malvern West (145),2024,332,1,51,204,79,14,1,3,328
Malvern West (145),2025,372,1,46,243,87,9,3,3,368
Maple Leaf (29),2020,93,0,9,75,13,2,2,1,92
Maple Leaf (29),2021,95,0,14,72,11,4,2,0,95
Maple Leaf (29),2022,121,0,16,100,5,3,3,0,120
Maple Leaf (29),2023,147,0,28,102,19,6,2,0,147
Maple Leaf (29),2024,120,0,23,64,34,4,2,0,118
Maple Leaf (29),2025,138,1,19,95,23,3,2,0,136
Markland Wood (12),2020,60,1,10,44,9,1,1,1,60
Markland Wood (12),2021,61,0,10,49,5,0,1,1,60
Markland Wood (12),2022,113,0,12,93,9,3,3,1,111
Markland Wood (12),2023,115,0,14,78,23,5,2,0,115
Markland Wood (12),2024,111,0,30,62,19,5,3,1,111
Markland Wood (12),2025,96,0,16,70,10,3,0,0,96
Milliken (130),2020,517,0,60,412,53,14,6,1,514
Milliken (130),2021,539,1,97,382,78,8,16,3,538
Milliken (130),2022,772,0,99,631,93,12,16,6,767
Milliken (130),2023,915,0,116,612,215,12,17,3,911
Milliken (130),2024,997,3,153,627,222,27,19,2,991
Milliken (130),2025,982,1,134,649,205,20,12,2,979
Mimico-Queensway (160),2020,239,2,31,184,35,7,8,2,234
Mimico-Queensway (160),2021,201,1,31,151,29,5,7,0,199
Mimico-Queensway (160),2022,283,1,38,226,22,4,11,0,282
Mimico-Queensway (160),2023,348,0,55,239,55,4,6,5,345
Mimico-Queensway (160),2024,351,0,60,234,58,4,8,2,350
Mimico-Queensway (160),2025,318,1,66,200,51,6,15,1,312
Morningside (135),2020,149,1,23,110,18,3,2,1,147
Morningside (135),2021,123,1,23,91,14,9,3,0,123
Morningside (135),2022,177,0,29,132,28,1,3,0,177
Morningside (135),2023,200,0,23,121,67,8,0,1,199
Morningside (135),2024,199,0,26,120,56,7,0,0,198
Morningside (135),2025,208,0,30,138,42,10,1,1,205
Morningside Heights (144),2020,399,0,55,301,55,10,5,2,394
Morningside Heights (144),2021,365,0,67,253,55,6,2,2,365
Morningside Heights (144),2022,551,0,89,411,85,11,3,0,550
Morningside Heights (144),2023,735,1,135,472,150,30,2,4,732
Morningside Heights (144),2024,801,1,148,511,152,16,4,3,795
Morningside Heights (144),2025,800,1,153,493,159,16,11,0,796
Moss Park (73),2020,458,1,78,359,39,26,19,3,452
Moss Park (73),2021,383,2,62,281,53,19,16,0,381
Moss Park (73),2022,520,0,63,423,47,16,20,3,514
Moss Park (73),2023,715,0,97,512,110,24,32,3,701
Moss Park (73),2024,617,0,101,392,128,13,31,10,607
Moss Park (73),2025,610,1,108,388,115,24,37,3,597
Mount Dennis (115),2020,112,0,24,78,13,6,2,1,111
Mount Dennis (115),2021,109,0,17,80,19,6,0,2,108
Mount Dennis (115),2022,150,0,31,109,12,6,1,4,148
Mount Dennis (115),2023,149,0,33,87,30,9,0,1,149
Mount Dennis (115),2024,171,0,37,89,45,7,4,3,169
Mount Dennis (115),2025,169,0,27,100,42,4,4,0,167
Mount Olive-Silverstone-Jamestown (2),2020,264,2,35,195,44,11,5,1,261
Mount Olive-Silverstone-Jamestown (2),2021,302,0,49,217,57,4,5,3,299
Mount Olive-Silverstone-Jamestown (2),2022,380,1,45,311,25,13,3,0,379
Mount Olive-Silverstone-Jamestown (2),2023,386,1,51,265,71,10,4,1,385
Mount Olive-Silverstone-Jamestown (2),2024,347,0,59,200,88,10,8,0,345
Mount Olive-Silverstone-Jamestown (2),2025,380,1,61,220,98,10,4,1,377
Mount Pleasant East (99),2020,209,0,19,168,28,6,3,1,209
Mount Pleasant East (99),2021,192,0,27,147,27,6,1,1,192
Mount Pleasant East (99),2022,239,0,18,205,29,6,3,1,237
Mount Pleasant East (99),2023,325,1,28,235,65,11,2,3,320
Mount Pleasant East (99),2024,337,0,29,251,58,4,0,4,335
Mount Pleasant East (99),2025,291,0,34,221,39,7,2,0,291
New Toronto (18),2020,102,0,13,72,23,2,3,2,99
New Toronto (18),2021,103,1,13,79,16,8,3,2,102
New Toronto (18),2022,131,0,13,105,14,4,4,0,130
New Toronto (18),2023,133,1,21,80,32,7,1,2,130
New Toronto (18),2024,145,0,22,90,33,6,5,2,144
New Toronto (18),2025,128,0,20,75,34,3,4,1,126
Newtonbrook East (50),2020,218,0,27,177,21,7,1,3,213
Newtonbrook East (50),2021,183,1,27,143,19,5,2,0,183
Newtonbrook East (50),2022,279,0,46,226,12,9,3,0,279
Newtonbrook East (50),2023,415,0,69,300,49,8,5,3,413
Newtonbrook East (50),2024,468,1,90,305,73,8,8,1,464
Newtonbrook East (50),2025,362,0,65,243,54,10,6,0,359
Newtonbrook West (36),2020,244,0,29,187,35,8,3,0,239
Newtonbrook West (36),2021,244,0,38,181,37,6,5,0,243
Newtonbrook West (36),2022,343,0,35,289,25,7,3,0,341
Newtonbrook West (36),2023,375,0,53,243,83,12,5,0,374
Newtonbrook West (36),2024,399,0,63,238,98,20,3,0,395
Newtonbrook West (36),2025,357,0,69,222,66,14,6,1,353
North Riverdale (68),2020,162,0,17,131,18,3,5,1,161
North Riverdale (68),2021,155,1,20,113,28,6,7,1,153
North Riverdale (68),2022,207,0,23,168,20,5,10,2,206
North Riverdale (68),2023,202,0,28,123,58,4,5,0,200
North Riverdale (68),2024,186,0,22,129,36,5,9,0,184
North Riverdale (68),2025,181,0,36,97,48,9,8,2,176
North St.James Town (74),2020,90,0,14,61,23,10,5,1,89
North St.James Town (74),2021,89,0,12,69,16,1,5,1,89
North St.James Town (74),2022,108,0,13,85,14,8,6,0,106
North St.James Town (74),2023,126,0,17,82,36,7,11,0,121
North St.James Town (74),2024,133,0,22,79,34,11,9,1,130
North St.James Town (74),2025,153,0,23,99,31,5,5,1,149
North Toronto (173),2020,135,0,6,116,20,4,1,0,135
North Toronto (173),2021,150,0,16,125,19,6,5,1,148
North Toronto (173),2022,215,0,6,191,27,6,4,0,213
North Toronto (173),2023,195,0,15,139,45,8,0,0,193
North Toronto (173),2024,239,0,14,164,62,6,3,2,234
North Toronto (173),2025,200,1,22,131,46,8,3,0,198
O'Connor-Parkview (54),2020,131,0,10,108,18,2,0,1,130
O'Connor-Parkview (54),2021,130,0,12,102,19,2,2,0,130
O'Connor-Parkview (54),2022,149,0,17,123,16,6,2,0,149
O'Connor-Parkview (54),2023,204,0,22,146,42,3,3,1,204
O'Connor-Parkview (54),2024,194,0,24,138,34,7,1,1,191
O'Connor-Parkview (54),2025,179,0,24,113,45,6,2,1,175
Oakdale-Beverley Heights (154),2020,290,0,35,221,46,15,5,0,286
Oakdale-Beverley Heights (154),2021,350,0,51,248,78,18,4,1,348
Oakdale-Beverley Heights (154),2022,429,1,40,351,42,18,5,2,422
Oakdale-Beverley Heights (154),2023,457,2,69,281,108,23,5,1,454
Oakdale-Beverley Heights (154),2024,475,0,90,262,125,18,6,2,469
Oakdale-Beverley Heights (154),2025,428,0,67,254,108,11,4,0,422
Oakridge (121),2020,131,0,23,89,21,2,4,2,130
Oakridge (121),2021,132,0,17,97,21,7,1,2,132
Oakridge (121),2022,207,0,23,170,29,2,4,1,205
Oakridge (121),2023,233,0,36,154,51,5,9,0,230
Oakridge (121),2024,251,1,35,156,62,11,6,1,249
Oakridge (121),2025,224,0,35,141,48,6,11,2,219
Oakwood Village (107),2020,169,0,17,137,21,2,3,1,168
Oakwood Village (107),2021,144,0,19,107,32,3,5,1,143
Oakwood Village (107),2022,178,0,21,138,20,3,4,1,178
Oakwood Village (107),2023,198,1,22,137,40,5,3,0,198
Oakwood Village (107),2024,208,0,38,123,47,7,4,2,204
Oakwood Village (107),2025,197,0,42,114,41,11,0,1,194
Old East York (58),2020,296,0,36,247,21,7,5,2,295
Old East York (58),2021,303,2,35,236,39,5,4,2,302
Old East York (58),2022,442,2,59,354,39,5,4,1,442
Old East York (58),2023,503,0,85,337,91,11,7,6,499
Old East York (58),2024,504,1,80,348,77,9,6,4,502
Old East York (58),2025,496,0,84,345,70,6,4,2,493
Palmerston-Little Italy (80),2020,147,0,16,110,27,9,12,2,143
Palmerston-Little Italy (80),2021,160,0,16,131,26,6,10,0,157
Palmerston-Little Italy (80),2022,174,0,20,140,19,6,10,1,167
Palmerston-Little Italy (80),2023,205,0,32,130,46,6,26,0,196
Palmerston-Little Italy (80),2024,250,0,42,146,65,12,26,1,246
Palmerston-Little Italy (80),2025,223,0,37,120,67,5,23,2,214
Parkwoods-O'Connor Hills (149),2020,162,0,26,112,25,2,2,0,162
Parkwoods-O'Connor Hills (149),2021,197,0,34,146,19,4,2,0,197
Parkwoods-O'Connor Hills (149),2022,199,0,30,163,13,2,0,3,198
Parkwoods-O'Connor Hills (149),2023,224,0,29,152,47,6,1,2,221
Parkwoods-O'Connor Hills (149),2024,229,0,38,138,55,2,0,2,228
Parkwoods-O'Connor Hills (149),2025,218,0,36,127,57,5,0,2,217
Pelmo Park-Humberlea (23),2020,165,0,13,129,33,3,0,1,163
Pelmo Park-Humberlea (23),2021,176,0,22,132,40,3,4,1,174
Pelmo Park-Humberlea (23),2022,244,2,20,200,23,6,5,0,243
Pelmo Park-Humberlea (23),2023,232,0,46,142,45,2,2,2,229
Pelmo Park-Humberlea (23),2024,261,0,54,152,56,7,5,1,260
Pelmo Park-Humberlea (23),2025,246,1,55,139,51,5,3,1,244
Playter Estates-Danforth (67),2020,99,0,18,73,13,2,12,0,97
Playter Estates-Danforth (67),2021,82,0,10,59,17,1,5,2,81
Playter Estates-Danforth (67),2022,138,0,12,114,24,3,1,0,137
Playter Estates-Danforth (67),2023,221,0,22,147,62,1,14,0,221
Playter Estates-Danforth (67),2024,202,0,35,124,45,3,13,0,199
Playter Estates-Danforth (67),2025,204,0,33,126,45,6,9,1,201
Pleasant View (46),2020,115,0,17,90,12,5,0,0,112
Pleasant View (46),2021,100,0,15,71,16,4,0,1,99
Pleasant View (46),2022,175,0,14,150,17,3,3,1,174
Pleasant View (46),2023,192,0,20,149,28,6,2,0,190
Pleasant View (46),2024,208,0,34,133,43,4,4,0,207
Pleasant View (46),2025,176,0,46,100,31,5,5,0,176
Princess-Rosethorn (10),2020,71,0,12,56,5,0,3,1,71
Princess-Rosethorn (10),2021,68,1,10,49,15,1,2,0,67
Princess-Rosethorn (10),2022,124,0,15,107,2,2,0,0,123
Princess-Rosethorn (10),2023,102,0,13,76,13,1,1,1,100
Princess-Rosethorn (10),2024,102,0,8,71,23,1,2,0,100
Princess-Rosethorn (10),2025,93,0,10,67,16,1,0,1,92
Regent Park (72),2020,120,0,24,89,16,10,8,2,117
Regent Park (72),2021,126,0,24,90,19,6,7,2,125
Regent Park (72),2022,138,0,14,111,21,4,5,0,135
Regent Park (72),2023,172,0,23,117,34,14,17,1,167
Regent Park (72),2024,157,2,23,106,29,9,13,2,155
Regent Park (72),2025,171,0,29,98,46,11,16,2,165
Rexdale-Kipling (4),2020,144,0,28,95,25,3,4,0,144
Rexdale-Kipling (4),2021,150,0,29,112,14,5,3,0,150
Rexdale-Kipling (4),2022,186,0,25,153,11,2,1,1,184
Rexdale-Kipling (4),2023,200,0,33,133,34,3,1,0,199
Rexdale-Kipling (4),2024,225,0,41,156,28,3,1,1,224
Rexdale-Kipling (4),2025,200,1,34,138,27,4,3,1,197
Rockcliffe-Smythe (111),2020,284,0,30,227,40,8,3,4,281
Rockcliffe-Smythe (111),2021,283,0,30,230,42,5,3,2,283
Rockcliffe-Smythe (111),2022,354,0,33,310,15,9,5,0,354
Rockcliffe-Smythe (111),2023,378,0,59,251,69,13,6,3,374
Rockcliffe-Smythe (111),2024,352,1,70,205,77,12,6,0,350
Rockcliffe-Smythe (111),2025,330,0,44,211,75,12,6,3,327
Roncesvalles (86),2020,206,0,22,156,39,5,10,5,200
Roncesvalles (86),2021,196,0,23,157,35,10,6,1,194
Roncesvalles (86),2022,286,0,27,243,24,8,18,3,283
Roncesvalles (86),2023,365,0,55,233,79,15,21,5,355
Roncesvalles (86),2024,329,1,42,195,94,14,17,3,318
Roncesvalles (86),2025,329,0,59,192,78,14,18,3,316
Rosedale-Moore Park (98),2020,362,0,34,298,42,7,7,4,355
Rosedale-Moore Park (98),2021,365,0,42,289,43,6,17,3,357
Rosedale-Moore Park (98),2022,489,1,40,418,43,12,17,2,481
Rosedale-Moore Park (98),2023,580,1,76,407,105,12,37,3,568
Rosedale-Moore Park (98),2024,603,1,96,405,104,15,44,3,593
Rosedale-Moore Park (98),2025,557,0,91,370,97,8,26,3,538
Runnymede-Bloor West Village (89),2020,142,0,15,113,25,5,4,0,139
Runnymede-Bloor West Village (89),2021,135,0,11,114,17,3,4,0,134
Runnymede-Bloor West Village (89),2022,180,0,11,158,12,3,7,1,176
Runnymede-Bloor West Village (89),2023,240,0,33,168,39,6,5,0,235
Runnymede-Bloor West Village (89),2024,225,0,36,146,43,4,6,3,220
Runnymede-Bloor West Village (89),2025,191,0,24,127,40,6,4,2,186
Rustic (28),2020,188,0,27,152,21,6,1,4,185
Rustic (28),2021,161,0,17,128,20,5,0,1,160
Rustic (28),2022,227,0,34,184,10,5,2,1,226
Rustic (28),2023,265,0,47,175,44,5,2,0,264
Rustic (28),2024,271,0,67,159,45,9,4,0,271
Rustic (28),2025,260,0,48,182,31,4,5,2,257
Scarborough Village (139),2020,139,0,22,100,24,6,2,1,137
Scarborough Village (139),2021,141,0,13,112,22,3,2,2,140
Scarborough Village (139),2022,209,0,31,160,28,10,2,0,208
Scarborough Village (139),2023,191,1,31,114,54,8,1,1,190
Scarborough Village (139),2024,218,0,36,136,50,10,5,1,216
Scarborough Village (139),2025,226,1,33,144,50,10,4,3,225
South Eglinton-Davisville (174),2020,103,0,13,79,11,5,0,1,101
South Eglinton-Davisville (174),2021,109,0,7,84,23,1,1,1,107
South Eglinton-Davisville (174),2022,136,0,9,118,17,6,5,0,131
South Eglinton-Davisville (174),2023,174,3,12,117,44,6,4,1,174
South Eglinton-Davisville (174),2024,176,0,19,118,40,9,5,1,175
South Eglinton-Davisville (174),2025,160,0,19,98,43,7,3,1,159
South Parkdale (85),2020,457,0,45,378,51,10,11,4,451
South Parkdale (85),2021,474,0,41,405,47,11,5,3,474
South Parkdale (85),2022,632,2,54,534,52,14,8,2,627
South Parkdale (85),2023,785,1,103,539,152,11,12,4,773
South Parkdale (85),2024,962,0,153,667,144,12,14,6,952
South Parkdale (85),2025,866,1,134,574,159,19,8,6,856
South Riverdale (70),2020,599,0,79,464,76,14,22,6,593
South Riverdale (70),2021,580,1,79,427,91,18,24,6,575
South Riverdale (70),2022,608,0,73,489,84,20,17,4,598
South Riverdale (70),2023,782,1,97,512,196,15,34,3,763
South Riverdale (70),2024,789,1,115,497,181,17,27,8,779
South Riverdale (70),2025,726,0,101,470,157,14,22,4,719
St Lawrence-East Bayfront-The Islands (166),2020,523,2,39,432,58,10,17,3,517
St Lawrence-East Bayfront-The Islands (166),2021,681,2,68,550,88,14,17,9,676
St Lawrence-East Bayfront-The Islands (166),2022,1054,0,87,903,95,19,17,6,1047
St Lawrence-East Bayfront-The Islands (166),2023,1080,1,102,804,182,21,23,7,1060
St Lawrence-East Bayfront-The Islands (166),2024,961,5,106,657,202,12,22,3,950
St Lawrence-East Bayfront-The Islands (166),2025,904,1,117,603,186,18,28,6,893
St.Andrew-Windfields (40),2020,329,0,34,264,38,5,0,1,327
St.Andrew-Windfields (40),2021,320,0,46,246,38,6,4,1,319
St.Andrew-Windfields (40),2022,475,0,47,405,31,8,4,1,474
St.Andrew-Windfields (40),2023,634,0,82,451,112,9,2,1,634
St.Andrew-Windfields (40),2024,691,0,100,499,94,12,6,3,687
St.Andrew-Windfields (40),2025,591,0,94,403,98,9,11,3,587
Steeles (116),2020,158,0,26,115,19,6,3,1,155
Steeles (116),2021,136,1,22,101,16,4,5,0,136
Steeles (116),2022,206,0,33,164,14,2,4,1,205
Steeles (116),2023,241,0,28,174,44,9,4,1,240
Steeles (116),2024,226,0,40,153,37,5,5,0,225
Steeles (116),2025,237,0,46,146,45,7,7,0,234
Stonegate-Queensway (16),2020,345,0,39,282,36,5,8,3,341
Stonegate-Queensway (16),2021,290,1,29,237,44,6,4,1,288
Stonegate-Queensway (16),2022,430,1,49,356,26,14,6,3,425
Stonegate-Queensway (16),2023,476,0,70,316,92,16,12,2,474
Stonegate-Queensway (16),2024,469,0,74,299,99,8,12,2,462
Stonegate-Queensway (16),2025,547,0,78,363,107,12,7,2,541
Tam O'Shanter-Sullivan (118),2020,359,2,43,278,44,13,3,2,357
Tam O'Shanter-Sullivan (118),2021,287,2,36,214,42,9,7,1,287
Tam O'Shanter-Sullivan (118),2022,420,0,42,351,49,4,5,3,417
Tam O'Shanter-Sullivan (118),2023,481,0,56,337,102,11,6,0,478
Tam O'Shanter-Sullivan (118),2024,466,2,62,298,112,11,4,2,461
Tam O'Shanter-Sullivan (118),2025,486,1,68,323,95,11,3,1,484
Taylor-Massey (61),2020,80,0,10,61,10,3,3,1,77
Taylor-Massey (61),2021,64,0,8,42,18,0,1,0,64
Taylor-Massey (61),2022,106,0,11,83,22,2,2,0,106
Taylor-Massey (61),2023,127,1,11,85,35,6,3,0,126
Taylor-Massey (61),2024,150,0,14,91,47,9,1,1,146
Taylor-Massey (61),2025,137,0,16,81,41,4,3,2,136
The Beaches (63),2020,318,0,24,262,38,5,5,1,316
The Beaches (63),2021,317,0,43,231,52,11,15,5,312
The Beaches (63),2022,338,1,20,285,63,4,11,4,335
The Beaches (63),2023,324,0,27,225,82,2,8,0,322
The Beaches (63),2024,281,0,26,187,71,6,5,4,277
The Beaches (63),2025,356,0,37,208,111,6,7,3,354
Thistletown-Beaumond Heights (3),2020,193,0,28,149,25,5,1,1,192
Thistletown-Beaumond Heights (3),2021,196,1,26,147,35,4,1,0,195
Thistletown-Beaumond Heights (3),2022,268,0,40,217,13,9,2,0,264
Thistletown-Beaumond Heights (3),2023,261,0,46,176,40,3,1,1,259
Thistletown-Beaumond Heights (3),2024,252,0,56,142,54,5,4,0,249
Thistletown-Beaumond Heights (3),2025,236,0,47,146,44,10,4,1,236
Thorncliffe Park (55),2020,244,0,17,193,36,6,4,0,242
Thorncliffe Park (55),2021,234,0,25,161,56,4,5,0,231
Thorncliffe Park (55),2022,349,0,42,287,41,10,7,0,346
Thorncliffe Park (55),2023,428,0,32,279,133,14,2,3,423
Thorncliffe Park (55),2024,439,0,50,269,121,11,5,1,432
Thorncliffe Park (55),2025,393,0,47,232,115,13,3,2,389
Trinity-Bellwoods (81),2020,214,0,28,158,38,9,16,1,210
Trinity-Bellwoods (81),2021,226,0,28,165,48,6,18,0,223
Trinity-Bellwoods (81),2022,281,0,22,238,26,7,19,2,271
Trinity-Bellwoods (81),2023,384,0,53,245,90,8,34,0,379
Trinity-Bellwoods (81),2024,431,0,66,264,105,14,36,4,413
Trinity-Bellwoods (81),2025,431,0,54,279,98,13,29,3,417
University (79),2020,145,0,20,108,23,3,12,0,145
University (79),2021,162,0,17,123,29,3,11,1,160
University (79),2022,236,0,26,194,25,8,14,1,229
University (79),2023,307,0,34,224,54,7,23,2,295
University (79),2024,298,0,46,186,69,9,25,3,286
University (79),2025,239,0,46,138,55,10,22,1,230
Victoria Village (43),2020,113,0,11,89,20,3,1,1,112
Victoria Village (43),2021,109,0,10,87,14,2,0,0,108
Victoria Village (43),2022,142,1,19,116,12,4,2,1,141
Victoria Village (43),2023,184,0,21,129,36,3,1,0,182
Victoria Village (43),2024,205,0,21,136,48,2,1,1,203
Victoria Village (43),2025,187,0,24,124,42,2,2,1,186
Wellington Place (164),2020,353,0,50,265,57,26,16,3,349
Wellington Place (164),2021,398,0,41,309,70,12,27,4,395
Wellington Place (164),2022,624,1,52,511,78,23,35,6,603
Wellington Place (164),2023,694,0,72,478,161,18,43,9,676
Wellington Place (164),2024,685,0,88,435,170,20,41,2,670
Wellington Place (164),2025,701,1,93,466,146,24,46,6,683
West Hill (136),2020,357,2,72,252,46,15,11,3,352
West Hill (136),2021,357,0,67,238,61,7,6,3,356
West Hill (136),2022,418,0,79,313,53,21,2,3,416
West Hill (136),2023,495,0,78,327,104,10,5,0,493
West Hill (136),2024,525,0,84,338,106,19,4,1,520
West Hill (136),2025,528,4,87,347,96,23,7,4,523
West Humber-Clairville (1),2020,890,0,107,672,144,15,4,2,881
West Humber-Clairville (1),2021,837,2,129,627,141,11,8,2,832
West Humber-Clairville (1),2022,1284,2,147,1069,78,22,8,4,1278
West Humber-Clairville (1),2023,1366,2,224,902,245,30,11,2,1359
West Humber-Clairville (1),2024,1397,2,272,806,320,29,7,5,1387
West Humber-Clairville (1),2025,1345,0,245,813,288,24,10,6,1337
West Queen West (162),2020,122,0,16,86,28,2,12,2,120
West Queen West (162),2021,123,0,17,96,18,10,9,0,121
West Queen West (162),2022,158,0,18,122,23,6,20,2,152
West Queen West (162),2023,147,0,16,101,32,3,8,1,143
West Queen West (162),2024,155,0,19,95,41,6,13,2,145
West Queen West (162),2025,136,1,26,69,42,7,14,1,128
West Rouge (143),2020,175,0,27,133,19,6,2,2,172
West Rouge (143),2021,185,1,32,127,32,6,2,2,183
West Rouge (143),2022,214,0,28,169,30,5,5,0,211
West Rouge (143),2023,247,0,34,168,51,6,1,0,245
West Rouge (143),2024,260,1,42,162,57,2,4,3,260
West Rouge (143),2025,263,0,35,162,67,4,5,1,260
Westminster-Branson (35),2020,100,0,18,67,23,6,4,0,99
Westminster-Branson (35),2021,75,0,11,52,19,2,4,0,75
Westminster-Branson (35),2022,109,1,14,84,11,6,4,0,108
Westminster-Branson (35),2023,105,0,11,73,21,4,0,1,104
Westminster-Branson (35),2024,116,0,15,64,37,3,4,0,114
Westminster-Branson (35),2025,131,0,26,74,32,9,3,0,130
Weston-Pelham Park (91),2020,135,0,16,101,26,4,4,0,135
Weston-Pelham Park (91),2021,118,0,11,97,23,6,3,0,116
Weston-Pelham Park (91),2022,129,0,16,103,12,3,2,1,129
Weston-Pelham Park (91),2023,146,0,16,94,36,1,2,0,146
Weston-Pelham Park (91),2024,165,0,30,99,40,2,6,1,163
Weston-Pelham Park (91),2025,160,0,19,106,35,4,3,0,157
Weston (113),2020,179,0,24,130,34,6,3,3,178
Weston (113),2021,183,1,29,124,43,12,4,2,182
Weston (113),2022,195,0,25,153,19,7,0,3,194
Weston (113),2023,246,0,52,147,48,16,4,0,243
Weston (113),2024,262,0,43,149,72,13,4,1,260
Weston (113),2025,261,0,56,148,58,12,3,1,260
Wexford/Maryvale (119),2020,1103,1,152,844,121,21,9,6,1093
Wexford/Maryvale (119),2021,1108,2,150,834,142,19,10,3,1104
Wexford/Maryvale (119),2022,1493,0,193,1212,172,24,13,4,1485
Wexford/Maryvale (119),2023,1669,3,209,1175,341,33,20,9,1667
Wexford/Maryvale (119),2024,1961,0,260,1334,394,28,19,7,1951
Wexford/Maryvale (119),2025,1966,1,267,1345,360,41,19,8,1948
Willowdale West (37),2020,90,0,9,68,17,5,2,0,89
Willowdale West (37),2021,56,0,6,43,12,1,1,0,56
Willowdale West (37),2022,113,0,4,101,12,1,0,2,110
Willowdale West (37),2023,137,0,16,96,27,3,5,1,137
Willowdale West (37),2024,138,0,14,91,33,3,2,0,137
Willowdale West (37),2025,120,0,12,82,26,3,2,0,117
Willowridge-Martingrove-Richview (7),2020,173,0,29,134,16,5,4,1,172
Willowridge-Martingrove-Richview (7),2021,164,0,19,133,23,4,5,1,164
Willowridge-Martingrove-Richview (7),2022,262,0,35,218,10,9,2,1,259
Willowridge-Martingrove-Richview (7),2023,357,0,58,249,52,8,6,1,354
Willowridge-Martingrove-Richview (7),2024,318,0,57,207,54,4,5,1,316
Willowridge-Martingrove-Richview (7),2025,333,0,47,229,58,8,5,1,329
Woburn North (142),2020,498,0,88,372,52,10,3,1,496
Woburn North (142),2021,434,0,68,324,48,8,4,2,431
Woburn North (142),2022,698,0,76,578,78,6,3,2,696
Woburn North (142),2023,902,0,141,622,166,22,4,0,900
Woburn North (142),2024,965,0,154,643,180,24,8,2,957
Woburn North (142),2025,936,1,143,634,165,21,7,2,932
Woodbine-Lumsden (60),2020,72,0,13,52,10,2,4,0,72
Woodbine-Lumsden (60),2021,82,0,13,62,12,2,3,1,82
Woodbine-Lumsden (60),2022,94,0,8,82,11,2,3,1,94
Woodbine-Lumsden (60),2023,96,0,17,52,31,4,3,2,93
Woodbine-Lumsden (60),2024,99,0,17,59,24,1,4,0,98
Woodbine-Lumsden (60),2025,74,0,12,52,10,0,5,0,73
Woodbine Corridor (64),2020,100,0,13,81,8,5,4,1,98
Woodbine Corridor (64),2021,97,1,8,81,11,2,4,0,97
Woodbine Corridor (64),2022,123,0,18,93,20,3,4,2,122
Woodbine Corridor (64),2023,117,0,17,65,41,5,3,2,114
Woodbine Corridor (64),2024,128,0,15,86,27,1,1,1,127
Woodbine Corridor (64),2025,145,0,19,83,43,4,2,1,143
Wychwood (94),2020,130,0,9,106,22,5,5,1,130
Wychwood (94),2021,120,0,14,88,25,6,3,2,120
Wychwood (94),2022,168,0,17,141,11,5,6,0,167
Wychwood (94),2023,248,1,28,180,42,10,8,2,243
Wychwood (94),2024,272,0,38,164,71,7,12,0,269
Wychwood (94),2025,229,0,32,148,49,7,8,0,224
Yonge-Bay Corridor (170),2020,446,0,41,365,55,12,22,1,443
Yonge-Bay Corridor (170),2021,492,0,72,379,58,17,30,5,483
Yonge-Bay Corridor (170),2022,674,1,79,548,73,26,39,5,655
Yonge-Bay Corridor (170),2023,864,0,93,609,177,22,39,5,845
Yonge-Bay Corridor (170),2024,809,0,104,541,169,20,52,9,784
Yonge-Bay Corridor (170),2025,793,0,92,550,152,32,52,6,766
Yonge-Doris (151),2020,141,0,15,114,15,6,2,0,141
Yonge-Doris (151),2021,143,0,20,109,18,5,4,0,141
Yonge-Doris (151),2022,209,0,13,184,17,1,1,0,209
Yonge-Doris (151),2023,257,0,28,183,47,4,4,2,256
Yonge-Doris (151),2024,218,0,31,149,39,7,3,2,217
Yonge-Doris (151),2025,240,1,31,164,44,7,4,0,239
Yonge-Eglinton (100),2020,123,0,16,97,13,8,3,1,123
Yonge-Eglinton (100),2021,135,0,14,111,20,5,5,1,133
Yonge-Eglinton (100),2022,174,0,11,159,7,4,1,0,174
Yonge-Eglinton (100),2023,210,0,14,159,40,1,2,0,209
Yonge-Eglinton (100),2024,220,0,28,152,41,6,5,0,217
Yonge-Eglinton (100),2025,225,0,22,158,46,9,6,3,223
Yonge-St.Clair (97),2020,140,0,9,122,15,1,1,0,138
Yonge-St.Clair (97),2021,132,0,12,112,14,5,1,1,132
Yonge-St.Clair (97),2022,147,0,8,132,11,3,5,1,144
Yonge-St.Clair (97),2023,189,0,18,134,41,2,1,1,188
Yonge-St.Clair (97),2024,212,0,16,151,46,2,3,2,210
Yonge-St.Clair (97),2025,205,0,21,138,46,7,5,0,202
York University Heights (27),2020,744,1,88,589,100,14,6,1,742
York University Heights (27),2021,706,3,72,560,124,17,16,4,700
York University Heights (27),2022,992,1,111,828,62,23,14,3,984
York University Heights (27),2023,1150,1,179,768,208,29,13,6,1145
York University Heights (27),2024,1053,0,194,628,233,26,14,5,1047
York University Heights (27),2025,1113,0,194,677,245,18,10,2,1103
Yorkdale-Glen Park (31),2020,481,1,45,390,62,12,5,2,477
Yorkdale-Glen Park (31),2021,524,2,48,419,89,8,9,5,520
Yorkdale-Glen Park (31),2022,755,0,60,639,71,14,5,0,751
Yorkdale-Glen Park (31),2023,870,0,87,555,238,15,3,2,868
Yorkdale-Glen Park (31),2024,928,0,120,537,273,19,2,3,924
Yorkdale-Glen Park (31),2025,859,0,94,520,246,10,5,2,853
