neighbourhood_158,safety_index,safety_category,safety_rank,total_collisions,fatalities,injury_collisions,pd_collisions,ftr_collisions,pedestrian_collisions,bicycle_collisions,motorcycle_collisions,fatal_rate,injury_rate,pd_rate,ftr_rate,vulnerable_rate,years_active
Yonge-St.Clair (97),96.1,Safe,1,2411,1,212,1834,409,49,35,12,0.1315904903938942,84.65654882007192,753.3555575050442,178.6121589613124,40.135099570137726,12
Lawrence Park North (105),95.1,Safe,2,3589,3,320,2696,624,73,29,13,0.5478030215661399,92.11740283704302,748.8178987429361,171.75066312997347,34.88640295236996,12
Mount Pleasant East (99),94.1,Safe,3,3618,1,374,2739,568,94,26,25,0.40576181781294374,98.8609686114251,762.0206938527083,156.79795959771613,36.46059762919166,12
Bayview Woods-Steeles (49),93.6,Safe,4,2175,2,304,1643,256,41,13,3,0.9030847473739245,131.2324730262845,750.0831788583107,131.08988069775177,25.714149912068063,12
Casa Loma (96),93.5,Safe,5,4065,0,440,3158,545,71,110,22,0.0,101.89489641232946,781.5816068721576,132.87013643254167,46.361798888327435,12
Forest Hill North (102),92.9,Safe,6,4175,4,473,3231,519,78,31,24,0.4661244086046566,124.61836064045495,761.2277716922646,123.21998741464098,31.276947817372452,12
Princess-Rosethorn (10),92.8,Safe,7,1346,1,191,988,192,18,19,4,0.8051529790660226,127.93880837359097,742.3510466988728,144.12238325281803,28.01932367149758,12
Forest Hill South (101),91.6,Safe,8,2585,1,302,1922,411,56,30,8,0.5745711236969547,113.1905113683001,743.41295247476,157.88393663301323,34.556349010916854,12
Leaside-Bennington (56),89.4,Safe,9,5164,5,602,3938,709,88,52,32,0.5530406996989,117.5723561582106,756.662092132484,143.1146432887487,31.646217816103725,12
North Toronto (173),88.8,Safe,10,2524,2,215,1893,476,102,29,11,1.107919573245794,77.22609766105867,742.7574887156339,201.92860073861306,51.41567501025851,12
Yonge-Doris (151),88.3,Safe,11,3003,4,352,2240,457,82,22,12,1.343744325404031,116.21572544034865,740.330488469221,155.62011984746684,40.09442527692029,12
Avondale (153),88.3,Safe,11,1615,2,168,1201,281,51,9,5,0.6637902422834384,112.11417192167275,737.6037172253568,169.33289080650516,40.889478924659805,12
Yonge-Eglinton (100),86.9,Safe,13,2781,1,306,2053,483,71,48,13,0.19654088050314467,103.34119496855345,745.9512578616352,169.4182389937107,50.5503144654088,12
St.Andrew-Windfields (40),86.3,Safe,14,7365,2,965,5594,887,102,46,30,0.14416492467382686,133.7850500973113,749.109781590139,128.24911698983635,26.67051106465797,12
Willowdale West (37),86.2,Safe,15,1527,1,139,1100,327,39,25,9,0.48126503953248534,92.12787899621863,719.9037469920935,209.2815400481265,46.613956686146444,12
Bridle Path-Sunnybrook-York Mills (41),86.0,Safe,16,3010,3,363,2189,508,59,36,8,0.5946759016336097,115.9618008185539,719.3829362997167,180.3267219365446,34.106412005457024,12
Victoria Village (43),84.8,Safe,17,2172,1,292,1558,365,39,17,14,0.6708836496070539,125.4552424765191,710.1303431090666,182.33659191106003,29.183438757906853,12
Fenside-Parkwoods (150),84.7,Safe,18,3135,1,405,2277,509,58,10,13,0.6117704637220115,132.1424201639545,711.5808148782578,171.05102165667444,24.92964639667197,12
Centennial Scarborough (133),84.0,Safe,19,1160,3,167,823,196,30,15,7,2.5350837483023994,125.93933906745133,728.2933454051606,164.87098234495247,39.02218198279764,12
Bayview Village (52),82.5,Safe,20,5570,2,641,3949,1053,103,33,21,0.280148665558523,116.26169620678706,702.5381469099602,193.90022972190576,28.27633864370692,12
Humewood-Cedarvale (106),82.5,Safe,20,1083,1,114,771,220,31,14,7,0.3152916447714135,100.47293746715712,697.845507094062,219.12769311613243,48.66001050972149,12
Bedford Park-Nortown (39),82.3,Safe,22,5543,5,756,4168,701,164,49,30,0.7770802233083167,136.80701826138525,748.410052964152,127.70699985685363,42.371321649864015,12
Lawrence Park South (103),81.8,Safe,23,2525,3,301,1860,420,73,29,7,0.5615793338805131,124.32502483908591,724.6533327573545,172.70724437340704,41.211283424769974,12
Edenbridge-Humber Valley (9),80.7,Safe,24,1775,1,267,1264,277,37,32,10,0.28318985047575895,145.95604893520616,715.4508382419574,151.2233801540553,41.232442229270504,12
O'Connor-Parkview (54),79.5,Safe,25,2095,2,262,1498,387,51,29,14,0.48628671464695583,121.0367632756273,716.1058159891071,187.65804318226023,43.66854697529662,12
Harbourfront-CityPlace (165),79.5,Safe,25,8322,2,945,6318,1239,192,142,66,0.18919566615794056,112.02906045432186,753.0744295750667,153.38723307644767,47.48811220564307,12
Runnymede-Bloor West Village (89),79.0,Safe,27,2518,2,308,1812,443,81,48,15,0.41454213820834884,121.95829706089623,720.9716867719602,171.16444886622722,56.25336815487293,12
Alderwood (20),77.7,Safe,28,1778,2,269,1255,285,41,27,10,1.6469619434150933,140.46232574554438,702.6057290747603,168.75477913063938,44.173872125169105,12
Parkwoods-O'Connor Hills (149),77.5,Safe,29,3220,2,496,2304,466,57,8,19,0.42299693327223375,155.76862067750008,690.8949910113151,168.28227995347035,26.12006062956043,12
Old East York (58),77.5,Safe,29,5392,8,839,4026,602,99,52,33,1.446498346859032,156.25939284640816,731.2330928764653,125.99564171926662,33.62639014126841,12
Rexdale-Kipling (4),76.9,Safe,31,2438,3,406,1723,356,61,23,8,1.1767177978566925,167.2620298382013,709.8970371926875,136.28913637318766,33.116200882538344,12
Flemingdon Park (44),76.9,Safe,31,4113,2,616,2991,586,104,34,20,0.7589386102990782,147.93681133348323,715.9883067236339,155.80728581065887,35.33280863503485,12
The Beaches (63),76.9,Safe,31,4428,2,478,3183,872,81,93,51,0.457280385078219,100.19253910950661,710.589651022864,214.32009626955477,49.31407942238267,12
Pleasant View (46),76.7,Safe,34,2278,0,328,1658,329,54,24,9,0.0,153.62533567922958,710.1120474117973,153.53273451245488,40.744513380868604,12
Henry Farm (53),76.6,Safe,35,1836,1,166,1256,452,57,12,7,1.1227124733355787,95.43056023352419,673.8520264960143,251.8244077691703,47.1539238800943,12
Lansing-Westgate (38),76.5,Safe,36,3078,1,418,2234,500,99,19,14,0.24375805272138457,135.18125152348784,712.2610300518857,176.6549430650834,41.0558205940732,12
South Eglinton-Davisville (174),76.5,Safe,36,1894,3,186,1355,378,77,27,17,2.2845953002610964,98.72715404699738,706.1031331592689,207.78938207136642,67.12358572671887,12
Willowridge-Martingrove-Richview (7),76.4,Safe,38,3334,2,520,2403,478,74,46,15,0.1768294479974065,155.7572721110489,716.8960537561521,142.43612036191095,40.199227844743746,12
Ionview (125),76.4,Safe,38,2903,3,438,2096,428,74,26,14,0.5353701192090798,148.93996716396597,715.8255407238203,156.75637090441856,38.2254265115283,12
Hillcrest Village (48),76.4,Safe,38,4515,5,644,3177,742,128,25,16,0.6080949601089706,143.3887915936953,697.8497762210548,169.70714146721153,36.75325938898619,12
Humber Bay Shores (161),76.2,Moderate,41,3268,4,498,2372,494,70,32,15,1.3842746400885932,150.4552725482958,715.5161806324597,156.05389442598744,33.499446290143965,12
Clanton Park (33),75.4,Moderate,42,3582,6,477,2478,709,85,24,11,1.7736786094359702,132.37099899036758,687.6688405599367,197.39678554861246,32.581111687177675,12
Junction Area (90),75.2,Moderate,43,7096,5,795,5209,1238,149,172,48,0.6444406255370339,111.68872085696283,724.6233602566307,178.89671764908059,52.19969066849975,12
Don Valley Village (47),75.1,Moderate,44,6338,4,791,4413,1232,154,43,26,0.43308791684711995,120.38111736682545,690.7232568211347,205.07579038544824,36.31009094846253,12
Banbury-Don Mills (42),75.0,Moderate,45,10644,8,1441,7844,1506,143,40,61,0.6414866940108469,135.14958303364887,717.8722080749567,161.89763427482845,23.219874424119897,12
East Willowdale (152),74.9,Moderate,46,2751,1,449,1992,356,86,31,12,0.4071992833292613,164.34563075168987,717.4851372261585,131.72896815701603,45.524879876211415,12
South Parkdale (85),74.7,Moderate,47,9151,14,1166,6864,1297,181,122,78,1.2317573438032705,131.57807911841368,735.7000670867839,147.5909245878562,38.591397494693545,12
St Lawrence-East Bayfront-The Islands (166),74.3,Moderate,48,11119,14,1228,8388,1704,241,218,99,1.7104072398190044,106.68778280542988,747.7737556561086,160.69683257918552,48.05429864253394,12
Guildwood (140),73.9,Moderate,49,1041,3,164,714,185,26,8,6,2.326934264107039,153.77157261974014,688.2877642039945,179.75567190226874,32.57707969749854,12
Stonegate-Queensway (16),73.8,Moderate,50,5621,4,737,4107,901,128,96,33,0.6200306368079362,134.40075862572033,717.4119191771829,165.05580275731268,46.319935808592895,12
Tam O'Shanter-Sullivan (118),72.8,Moderate,51,5944,11,818,4171,1049,147,57,32,2.192785376637849,132.6994625878462,701.9429516329061,182.84594784046587,37.56492981289429,12
Thorncliffe Park (55),72.8,Moderate,51,4162,0,442,2829,972,123,47,13,0.0,106.80518267771683,668.938951791759,243.63254348079838,43.35239873934866,12
Humber Summit (21),72.5,Moderate,53,7458,8,1025,5258,1349,164,39,26,0.8821058527023242,142.50910109213106,700.1400168020162,174.26491178941473,29.47353682441893,12
Newtonbrook East (50),72.2,Moderate,54,5036,6,821,3592,689,145,45,18,1.0883050736782536,167.09836101255902,709.7490368500098,133.57856474326886,40.24552162462181,12
Brookhaven-Amesbury (30),71.9,Moderate,55,3678,2,504,2543,717,120,31,24,0.2813176920696543,137.36742903761217,695.3610712577713,185.2758319970743,47.88027119025516,12
Rustic (28),71.5,Moderate,56,3068,1,523,2225,394,73,22,18,0.10225645919967277,178.64203422182834,708.6031767673325,130.24064353398325,38.61885609107641,12
Kingsway South (15),71.3,Moderate,57,1919,5,294,1374,279,62,34,19,2.200654553662115,156.24647331001015,713.6327728247376,141.85757815145018,58.684121430989734,12
Humbermede (22),71.2,Moderate,58,2414,2,334,1614,523,51,16,14,0.814265939255761,150.3134923866135,659.4739842032408,205.60214966207965,31.55280514616074,12
Elms-Old Rexdale (5),70.9,Moderate,59,2316,1,365,1553,459,60,17,14,0.8061915511125444,148.90357949048692,674.4598516607546,196.18671396323765,36.27861980006449,12
Englemount-Lawrence (32),70.7,Moderate,60,2397,4,314,1655,495,88,23,7,2.8157860002639805,126.71037001187912,682.8281050640153,213.25179286374237,44.87658937920718,12
Birchcliffe-Cliffside (122),70.5,Moderate,61,4024,7,568,2807,747,101,50,41,1.310483870967742,130.59475806451616,698.991935483871,196.42137096774192,44.63205645161291,12
Caledonia-Fairbank (109),70.5,Moderate,61,1122,4,143,761,256,33,16,6,2.6941657376439982,126.99739873652915,682.6458565588999,217.20549981419546,46.72984020810107,12
Corso Italia-Davenport (92),70.4,Moderate,63,4220,2,544,2974,815,147,86,24,0.5643063938367927,122.57716276559204,704.0580990235046,193.2136022375975,59.03135580744884,12
Yorkdale-Glen Park (31),69.7,Moderate,64,10200,6,1069,6850,2521,211,68,36,0.482580883636401,105.27450638136212,669.4937007793168,244.45288675777525,27.887014467158835,12
Islington (158),69.6,Moderate,65,4092,9,631,2873,669,123,48,18,2.392043308573587,152.41092786100967,700.4154601535944,161.1230013848672,46.38046078307945,12
Rockcliffe-Smythe (111),69.5,Moderate,66,4208,2,610,2995,709,132,48,23,0.6609061758010427,143.24529410324823,703.0328250067314,173.13294005336203,50.840819523657984,12
Bathurst Manor (34),69.4,Moderate,67,5651,6,927,4044,756,122,58,26,0.9678806997418986,175.3477201032406,701.6776598795526,133.1732147978205,36.36722110696874,12
Broadview North (57),69.2,Moderate,68,1722,2,271,1237,259,31,29,15,0.8650519031141869,169.49250288350635,700.7497116493656,153.63321799307957,42.906574394463675,12
Bendale South (157),69.1,Moderate,69,2624,2,467,1810,399,56,24,15,0.8529741863075196,170.05611672278337,679.6857463524129,169.24803591470257,35.28619528619528,12
Weston-Pelham Park (91),69.0,Moderate,70,1868,0,250,1286,392,58,50,6,0.0,133.04037352375718,688.2724526229058,206.09722603680308,53.831365009612746,12
West Rouge (143),68.9,Moderate,71,2923,4,442,2020,529,73,33,17,1.398259167336666,148.70486244625442,680.0083895550041,192.71506973817594,40.02516866501206,12
Danforth East York (59),68.8,Moderate,72,1947,1,289,1336,363,73,42,14,0.16175994823681658,134.09899708832094,694.920737625364,192.49433840181172,62.439340019411205,12
Maple Leaf (29),68.7,Moderate,73,1570,2,275,1089,241,48,23,3,1.5175508049617312,165.87490102929533,689.8258115597785,161.12430720506728,47.2420163631565,12
High Park-Swansea (87),68.7,Moderate,73,4408,7,560,3089,858,89,115,37,1.495814133030954,126.92706699799756,695.8430842722382,195.37262660136554,56.69618084875388,12
Agincourt South-Malvern West (128),67.8,Moderate,75,9195,5,1406,6495,1437,222,60,39,0.41458878715011666,153.03064403406734,698.3096622878193,165.49199843640798,32.2905438220348,12
Highland Creek (134),67.0,Moderate,76,2318,1,411,1555,399,48,27,9,0.21306515532449824,171.133932756637,669.1524268121192,179.65653896961692,35.4966548770614,12
Keelesdale-Eglinton West (110),66.9,Moderate,77,2471,4,357,1674,507,97,39,11,1.4705882352941175,141.72268907563023,682.983193277311,194.91596638655463,54.621848739495796,12
Etobicoke City Centre (159),66.5,Moderate,78,10681,11,1435,7320,2169,234,60,58,1.090404440919905,132.38501189532118,685.8445678033306,198.7906423473434,31.07652656621729,12
Agincourt North (129),66.5,Moderate,78,5901,6,977,4120,911,169,65,22,1.0045744012915956,156.62391245851646,695.5960175800519,167.24369898645617,41.564265853439764,12
Steeles (116),66.3,Caution,80,3506,6,639,2437,462,106,56,8,1.3763007720711646,176.5021819402484,693.7227257468949,141.08761329305133,50.08392077878482,12
Mimico-Queensway (160),66.2,Caution,81,3774,7,622,2687,552,81,80,21,2.0025979649274737,166.35094176228623,703.4260662481057,146.4602727863174,50.79562675903876,12
Rosedale-Moore Park (98),65.9,Caution,82,6844,10,852,5079,1034,181,233,49,1.302721922511035,130.56338891613535,731.7005885237862,153.29205492888673,73.27427660617951,12
Woburn North (142),65.9,Caution,82,9739,9,1614,6868,1443,195,53,25,0.6192717364379491,159.17347865576747,704.1842126991991,156.09776236479237,28.981917265296012,12
Woodbine Corridor (64),65.8,Caution,84,1502,1,200,1039,306,50,38,17,0.6756756756756757,131.62162162162164,676.6216216216217,216.35135135135133,60.54054054054055,12
Dorset Park (126),65.7,Caution,85,11075,7,1712,7870,1679,221,61,59,0.42977555191074707,152.0703779393578,707.8403339970004,157.04349504003932,30.18953978932227,12
Markland Wood (12),65.4,Caution,86,1278,1,224,904,193,41,15,7,0.8210180623973727,177.66830870279142,699.343185550082,144.991789819376,53.69458128078817,12
Beechborough-Greenbrook (112),65.4,Caution,86,2592,3,401,1798,467,64,21,17,1.6089108910891088,165.1402640264026,674.6699669966997,181.35313531353137,40.92409240924092,12
Thistletown-Beaumond Heights (3),65.0,Caution,88,2980,3,541,2021,493,79,24,7,0.7540961129773086,180.02330842531023,676.3556591485569,162.5419894426544,37.77335984095427,12
Clairlea-Birchmount (120),64.3,Caution,89,7494,10,1126,5202,1329,205,66,36,1.4212090325729625,146.9156892863808,694.1960120013207,181.25439641683056,41.93284428429923,12
Newtonbrook West (36),63.9,Caution,90,4795,3,745,3250,907,174,55,17,0.24745236541965673,152.65561379434456,675.6349402739971,189.21107686770296,50.09785616268868,12
Black Creek (24),63.8,Caution,91,4195,4,658,2810,841,139,45,10,0.5803537634679922,158.00762029724208,668.0628800686331,193.30826877949082,43.32467008150185,12
Downsview (155),63.8,Caution,91,4947,5,745,3393,942,146,52,28,0.7943782462572563,151.09481617272633,680.4155209288115,188.04358896017925,47.98859354313066,12
Malvern West (145),63.6,Caution,93,4111,7,723,2717,749,115,26,15,2.041337075784639,161.18907884664458,663.5621331972442,192.14085225822913,39.015054860933915,12
East L'Amoreaux (148),63.3,Caution,94,3358,3,609,2352,449,117,44,11,0.8237754261453647,180.7870223686712,695.0129903047969,142.19631202078452,51.23249477219441,12
Wychwood (94),63.1,Caution,95,2550,5,344,1768,489,95,96,24,1.3354805766133784,130.48430810322478,688.5187949251739,196.35492360265525,77.77210416748498,12
Pelmo Park-Humberlea (23),62.9,Caution,96,2836,3,428,1903,595,59,31,13,1.7100106875667973,162.73601710010686,659.1022443890274,200.60562878517987,38.33273957962237,12
Woodbine-Lumsden (60),62.8,Caution,97,1163,1,181,816,196,29,33,9,0.46006624953993375,154.85829959514172,690.1913875598087,182.92234081707767,63.48914243651085,12
East End-Danforth (62),62.7,Caution,98,5003,2,673,3533,909,174,123,51,0.6063423408856641,133.69848616528893,701.3966085251734,185.03547102694182,70.19423166319704,12
Kingsview Village-The Westway (6),62.0,Caution,99,3531,3,641,2369,618,113,30,14,1.177653310354732,178.88841016803102,671.2623869021972,168.1459141174781,41.50509837713629,12
Fort York-Liberty Village (163),61.8,Caution,100,3986,2,538,2826,737,114,123,49,0.5691519635742743,138.82358763702953,694.2169211353345,187.4242161787632,70.5006062705699,12
Eringate-Centennial-West Deane (11),61.6,Caution,101,1857,5,288,1269,346,40,35,11,4.1588332478778565,165.15695322736855,674.2437190223893,179.57044379878084,50.646613114567316,12
Briar Hill-Belgravia (108),61.5,Caution,102,2550,7,385,1763,459,99,38,17,2.655401327700664,154.3351438342386,680.2655401327701,180.08449004224502,63.971031985515985,12
Bendale-Glen Andrew (156),61.4,Caution,103,8319,7,1120,5391,1994,178,41,28,0.8087903961917526,133.23088654981572,653.3293278951809,236.69828651977494,30.05234029278213,12
Humber Heights-Westmount (8),61.3,Caution,104,2376,3,463,1646,317,60,38,13,1.1650162270117332,196.59648830823002,683.2820171423816,135.6411750020804,48.223350253807105,12
Greenwood-Coxwell (65),61.0,Caution,105,2365,1,352,1603,485,67,77,28,0.13438451890342232,135.50438989428417,679.0897688586275,216.7174341515857,65.22128650779429,12
Malvern East (146),60.4,Caution,106,4918,5,821,3301,925,142,45,21,1.2398836763678172,161.07216122996462,664.3522171374467,200.70335219459412,39.473387587637234,12
Etobicoke West Mall (13),60.0,Caution,107,1352,2,253,895,239,49,19,4,1.2735036332309537,191.47501685519512,671.3611506479886,153.6444677503933,52.288560940894456,12
Little Portugal (84),60.0,Caution,107,2439,3,286,1701,527,76,122,20,1.2299079689554264,111.1158234021799,686.7551634929387,225.45485389541543,88.76542686288646,12
North Riverdale (68),59.8,Caution,109,2617,4,382,1799,491,82,100,30,0.7957781873010554,141.64851733958787,683.6153459540961,194.29552688892613,77.2323672306919,12
Morningside (135),59.6,Caution,110,2366,3,402,1547,481,80,13,12,1.1812057047860705,158.71904803569865,656.3566366261264,213.9294776445883,45.71703561116458,12
Milliken (130),59.6,Caution,110,10362,9,1581,7104,1864,216,169,35,1.0935150651227272,146.23811290543046,684.4525590205228,188.5337134599988,40.61627384741559,12
Oakridge (121),59.5,Caution,112,2553,2,401,1763,457,81,60,25,1.0734306046992408,151.31395857353002,681.1911104043256,191.98505148491236,65.99610384447185,12
Dovercourt Village (172),59.3,Caution,113,3990,5,523,2881,675,109,193,40,1.0284362626626216,131.58841980768244,701.393531135908,183.93582557720987,88.03414408392042,12
Golfdale-Cedarbrae-Woburn (141),59.2,Caution,114,6083,7,979,4077,1187,176,48,27,1.197668069817003,153.6713810169611,668.069817003364,206.0165207742572,41.28432287722141,12
Oakwood Village (107),59.0,Caution,115,2457,1,400,1667,471,100,43,20,0.600008571551022,161.188016971671,670.1667166673809,191.9170273861055,60.21514593065615,12
High Park North (88),58.8,Caution,116,3599,5,490,2578,597,122,129,33,0.7111321816942724,144.68576846721385,699.6651752644523,170.84950665204894,86.81738718184243,12
York University Heights (27),58.8,Caution,116,13067,13,1870,9225,2281,318,114,58,0.8578873521747844,148.2782120665464,692.4754459811585,177.5826819001804,37.32210863900581,12
Mount Olive-Silverstone-Jamestown (2),58.3,Caution,118,4554,7,756,2942,996,151,53,16,1.8667334441232044,157.21538006237623,653.7209461151457,210.50834338789358,45.46178887700048,12
Cliffcrest (123),58.1,Unsafe,119,2988,6,505,2015,544,90,41,26,1.6235379874755642,166.06474271892912,664.3252377323482,194.8245584970677,49.70014247374176,12
Bay-Cloverhill (169),57.7,Unsafe,120,2823,2,387,2037,466,82,175,27,0.926855642233722,137.86977678226617,716.7297443423188,165.90715995983626,99.75283849540432,12
Taylor-Massey (61),57.7,Unsafe,120,1326,2,172,844,360,56,28,7,1.3706535853412207,114.99062184388977,643.5579281488963,275.64564997835816,64.92569614774203,12
Yonge-Bay Corridor (170),57.0,Unsafe,122,9905,4,1191,7338,1619,340,427,101,0.3541798589720198,117.41598961072415,733.2381698560741,170.53223573352795,90.90616380281843,12
Annex (95),56.7,Unsafe,123,9814,7,1196,7104,1726,314,427,72,0.814383923849815,120.68746694870438,721.2057112638815,176.16076150185086,85.31993654151242,12
Danforth (66),56.5,Unsafe,124,2392,1,329,1654,460,69,96,22,0.8010894816951054,139.30946086677883,676.0394136024994,203.99743651365856,83.9141232075623,12
L'Amoreaux West (147),56.4,Unsafe,125,3856,7,668,2629,627,181,37,14,1.440443213296399,167.8393351800554,670.2216066481994,179.80609418282546,61.82825484764543,12
Junction-Wallace Emerson (171),56.1,Unsafe,126,3969,2,534,2696,837,116,198,30,0.8976186704683456,130.1283066687787,679.761339035852,208.80194308041607,86.0657901684355,12
Oakdale-Beverley Heights (154),55.9,Unsafe,127,5219,7,772,3402,1197,197,42,16,1.2560348549672253,148.95788358126939,646.7598225850768,226.24327825097146,50.8890371707815,12
Morningside Heights (144),55.8,Unsafe,128,7143,10,1245,4787,1281,144,42,29,1.1765016920473774,178.40524534686972,661.1675126903555,182.99228003384096,32.06958544839256,12
Cabbagetown-South St.James Town (71),55.5,Unsafe,129,3124,1,467,2190,548,127,125,34,0.09458948164964055,143.42918400807164,702.6737293479631,178.42729221843865,91.5941480640686,12
Glenfield-Jane Heights (25),55.4,Unsafe,130,5176,5,780,3349,1219,151,49,21,0.8218615163344977,154.28395315389358,634.4770906102322,236.4290117115266,42.531333470310244,12
Wexford/Maryvale (119),55.0,Unsafe,131,19548,19,2801,13927,3152,374,156,91,0.7686472819216181,137.85082174462707,713.0063211125158,167.57522123893807,31.241466498103666,12
Kennedy Park (124),54.3,Unsafe,132,2880,5,520,1874,552,107,38,22,1.7753951124416905,173.04880595975771,655.1904198287266,193.7617489382441,56.220845227320204,12
South Riverdale (70),54.2,Unsafe,133,9373,8,1292,6571,1756,242,308,103,0.7768433140811294,136.58932009322118,691.7958590873778,195.73073935218022,66.69593902342915,12
Playter Estates-Danforth (67),53.5,Unsafe,134,1706,0,254,1123,381,42,86,17,0.0,144.9244520110662,661.0981059799957,222.44094488188978,78.10172377101512,12
Dufferin Grove (83),53.4,Unsafe,135,3125,2,418,2093,695,106,146,31,0.4076640847941297,131.76957571576406,668.9767631471667,217.75533883157203,91.81849540593936,12
West Hill (136),52.9,Unsafe,136,5412,7,957,3640,956,200,69,33,1.9492822269183123,173.35859505938933,671.7372294687751,178.64169642206514,54.61633753552431,12
Scarborough Village (139),52.4,Unsafe,137,2329,5,378,1530,500,109,28,15,1.9256279686764517,156.44657452180238,659.335016474817,215.41358209593906,65.08622534126405,12
Long Branch (19),51.6,Unsafe,138,1535,4,249,1040,288,58,42,19,1.7171203256168914,163.1900279827016,664.6527601119308,191.49071483083185,82.4853726787077,12
New Toronto (18),51.5,Unsafe,139,1576,7,244,1032,344,71,47,16,3.4233303190802222,148.4304353442708,656.5689187443483,215.34685441157475,80.80351375791243,12
Church-Wellesley (167),50.9,Unsafe,140,3057,1,394,2154,591,140,149,32,0.5037058357918975,131.71907605958123,699.539468950133,193.13520903792184,110.23962006188384,12
West Humber-Clairville (1),50.5,Unsafe,141,15968,18,2568,10727,3038,308,109,68,1.085138129041009,162.5640263791912,668.1867212680613,186.43706521809335,29.447290061297384,12
Wellington Place (164),50.5,Unsafe,141,8177,2,969,5804,1652,308,419,91,0.43546197392351244,115.94815440969288,707.2670918824765,202.89966443812597,99.11882988806066,12
Roncesvalles (86),50.5,Unsafe,141,3688,1,493,2540,757,135,161,47,0.5516480485450284,134.96069507654119,676.6514963453316,210.8398841539098,96.23500206868019,12
Westminster-Branson (35),47.8,Unsafe,144,1445,3,234,904,350,76,34,5,1.459321415541773,154.76103611820503,629.9890550893834,239.69354250273622,76.83327252827435,12
Moss Park (73),46.7,Unsafe,145,6957,12,1158,4872,1078,300,313,65,1.272375003614702,161.20123767386713,696.7843613545009,159.0468754518377,93.18701020791764,12
Weston (113),46.2,Unsafe,146,2996,1,531,1933,635,145,31,21,0.3470294280955025,177.47084952804,634.8556357579124,213.73542476402,66.87257079400334,12
Eglinton East (138),45.7,Unsafe,147,4238,12,816,2721,818,186,41,27,2.779964573902775,178.01613855540248,642.7868529816966,207.58708915567803,58.330053139145846,12
Kensington-Chinatown (78),45.0,Unsafe,148,7139,5,886,4890,1581,330,384,72,0.4567353734180013,116.90952219586582,682.2742474916389,226.17241023676573,107.36227955151536,12
Trinity-Bellwoods (81),44.8,Unsafe,149,4224,1,574,2838,940,148,304,42,0.07071635669330316,130.5659665747354,673.5261532659172,218.5371143012045,111.66112721872568,12
Downtown Yonge East (168),42.5,Unsafe,150,6560,7,901,4588,1253,312,342,84,1.1946453703400646,131.86921087945535,695.103590482113,195.74182567996593,117.43527640493569,12
University (79),41.5,Unsafe,151,3259,2,517,2217,615,127,243,35,0.45193363031829037,150.558460843179,681.7741623087352,191.16792562463684,118.7294208793337,12
Blake-Jones (69),40.4,Unsafe,152,849,0,134,538,202,39,51,5,0.0,144.90487359916602,637.21657544957,245.24367995830073,110.24237685691946,12
Mount Dennis (115),40.0,Unsafe,153,1989,1,418,1248,394,106,28,19,0.26557603441865407,201.35974929622355,619.1639666436502,203.90927922664258,71.43995325861795,12
North St.James Town (74),39.6,Unsafe,154,1554,1,236,1045,341,79,78,8,0.3312794010468429,148.34691578877624,669.0518783542038,221.09587225866295,111.30987875173922,12
West Queen West (162),37.7,Unsafe,155,2191,1,313,1502,454,100,150,28,1.0312467773538205,136.69176033824894,674.6932040837372,219.03681550995148,130.1433433020522,12
Regent Park (72),31.0,Unsafe,156,1947,5,328,1301,371,101,115,24,2.9341157642037876,160.41611096292343,669.1917844758601,196.74579887970123,134.4891971192318,12
Palmerston-Little Italy (80),30.2,Unsafe,157,2525,2,387,1668,549,100,232,29,0.4051207259763409,149.0034030140982,651.798736023335,225.2066115702479,137.90309512234643,12
Lambton Baby Point (114),30.0,Unsafe,158,264,1,46,155,73,17,5,0,3.932363350373575,178.13605977192293,599.2921745969328,251.6712544239088,95.55642941407787,12
